borough,property_type,timestamp_of_call
Kensington And chelsea,Purpose Built Flats/Maisonettes - 4 to 9 storeys,01/01/2017 16:48
Camden,Purpose Built Flats/Maisonettes - 4 to 9 storeys,01/01/2017 22:20
Southwark,Purpose Built Flats/Maisonettes - 4 to 9 storeys,01/01/2017 09:51
Westminster,Purpose Built Flats/Maisonettes - 4 to 9 storeys,01/01/2017 00:28
Barking And dagenham,House - single occupancy,01/01/2017 13:33
Bexley,Converted Flat/Maisonette - Up to 2 storeys,01/01/2017 08:30
Bexley,House - single occupancy,01/01/2017 15:44
Sutton,Converted Flat/Maisonette - Up to 2 storeys,01/01/2017 12:48
Islington,Purpose Built Flats/Maisonettes - 4 to 9 storeys,01/01/2017 00:29
Barking And dagenham,Purpose Built Flats/Maisonettes - 4 to 9 storeys,01/01/2017 22:18
Haringey,Purpose Built Flats/Maisonettes - Up to 3 storeys,01/01/2017 20:22
Wandsworth,Converted Flat/Maisonette - Up to 2 storeys,01/01/2017 14:48
Sutton,House - single occupancy,01/01/2017 16:53
Lewisham,House - single occupancy,01/01/2017 15:21
Lambeth,Purpose Built Flats/Maisonettes - Up to 3 storeys,01/01/2017 12:51
Bexley,Purpose Built Flats/Maisonettes - Up to 3 storeys,01/01/2017 18:03
Richmond Upon thames,House - single occupancy,01/01/2017 19:11
Brent,Purpose Built Flats/Maisonettes - 10 or more storeys,01/01/2017 21:58
Newham,House - single occupancy,01/01/2017 16:20
Haringey,Converted Flat/Maisonettes - 3 or more storeys,01/01/2017 20:58
Ealing,Self contained Sheltered Housing,01/01/2017 11:53
Westminster,Purpose Built Flats/Maisonettes - 4 to 9 storeys,01/01/2017 19:17
Tower Hamlets,Purpose Built Flats/Maisonettes - 4 to 9 storeys,01/01/2017 07:06
Hackney,Purpose Built Flats/Maisonettes - Up to 3 storeys,01/01/2017 16:06
Lewisham,Unlicensed House in Multiple Occupation - Up to 2 storeys,01/01/2017 04:58
Hounslow,Purpose Built Flats/Maisonettes - 4 to 9 storeys,01/01/2017 19:05
Islington,Purpose Built Flats/Maisonettes - 4 to 9 storeys,01/01/2017 23:29
Greenwich,Purpose Built Flats/Maisonettes - 10 or more storeys,02/01/2017 08:42
Hammersmith And fulham,Converted Flat/Maisonette - Up to 2 storeys,02/01/2017 19:25
Camden,Purpose Built Flats/Maisonettes - 4 to 9 storeys,02/01/2017 17:42
Croydon,Purpose Built Flats/Maisonettes - 4 to 9 storeys,02/01/2017 22:24
Hackney,House - single occupancy,02/01/2017 18:35
Barnet,House - single occupancy,02/01/2017 14:07
Hackney,House - single occupancy,02/01/2017 03:50
Bexley,House - single occupancy,02/01/2017 20:40
Greenwich,House in Multiple Occupation - 3 or more storeys (not known if licensed),02/01/2017 17:35
Tower Hamlets,Purpose Built Flats/Maisonettes - Up to 3 storeys,02/01/2017 19:21
Croydon,House - single occupancy,02/01/2017 17:50
Hillingdon,House - single occupancy,02/01/2017 12:55
Southwark,Purpose Built Flats/Maisonettes - 4 to 9 storeys,03/01/2017 19:41
Redbridge,Purpose Built Flats/Maisonettes - Up to 3 storeys,03/01/2017 15:22
Islington,Converted Flat/Maisonettes - 3 or more storeys,03/01/2017 10:43
Brent,House - single occupancy,03/01/2017 13:50
Islington,Purpose Built Flats/Maisonettes - 4 to 9 storeys,03/01/2017 12:42
Redbridge,Converted Flat/Maisonette - Up to 2 storeys,03/01/2017 16:49
Hounslow,Student Hall of Residence,03/01/2017 07:26
Southwark,Purpose Built Flats/Maisonettes - Up to 3 storeys,03/01/2017 16:29
Brent,House - single occupancy,03/01/2017 12:29
Havering,House - single occupancy,03/01/2017 19:27
Croydon,Converted Flat/Maisonette - Up to 2 storeys,03/01/2017 23:30
Newham,Other Residential Home,03/01/2017 18:41
Haringey,Converted Flat/Maisonette - Up to 2 storeys,03/01/2017 13:39
Ealing,Purpose Built Flats/Maisonettes - Up to 3 storeys,03/01/2017 16:58
Hounslow,Unlicensed House in Multiple Occupation - 3 or more storeys,03/01/2017 16:38
Hackney,Purpose Built Flats/Maisonettes - 4 to 9 storeys,03/01/2017 23:33
Greenwich,Converted Flat/Maisonettes - 3 or more storeys,03/01/2017 23:32
Lewisham,Purpose Built Flats/Maisonettes - Up to 3 storeys,03/01/2017 05:45
Redbridge,House - single occupancy,04/01/2017 16:33
Brent,House - single occupancy,04/01/2017 01:04
Croydon,House - single occupancy,04/01/2017 23:24
Enfield,Nursing/Care Home/Hospice,04/01/2017 10:18
Tower Hamlets,Purpose Built Flats/Maisonettes - 4 to 9 storeys,04/01/2017 07:50
Kingston Upon thames,House - single occupancy,04/01/2017 20:45
Kensington And chelsea,Converted Flat/Maisonettes - 3 or more storeys,04/01/2017 17:59
Southwark,Purpose Built Flats/Maisonettes - 4 to 9 storeys,04/01/2017 11:16
Croydon,Converted Flat/Maisonettes - 3 or more storeys,04/01/2017 06:24
Westminster,Converted Flat/Maisonettes - 3 or more storeys,04/01/2017 19:35
Lewisham,House - single occupancy,04/01/2017 02:24
Brent,Converted Flat/Maisonettes - 3 or more storeys,04/01/2017 05:59
Bromley,Self contained Sheltered Housing,04/01/2017 17:27
Camden,Converted Flat/Maisonette - Up to 2 storeys,04/01/2017 18:31
Greenwich,Purpose Built Flats/Maisonettes - 4 to 9 storeys,04/01/2017 13:20
Bexley,House - single occupancy,04/01/2017 08:17
Barnet,House - single occupancy,04/01/2017 07:22
Croydon,Purpose Built Flats/Maisonettes - Up to 3 storeys,04/01/2017 20:38
Brent,House - single occupancy,05/01/2017 16:47
Sutton,House - single occupancy,05/01/2017 13:55
Lambeth,Converted Flat/Maisonettes - 3 or more storeys,05/01/2017 00:56
Kensington And chelsea,House - single occupancy,05/01/2017 22:02
Richmond Upon thames,House - single occupancy,05/01/2017 16:09
Redbridge,Converted Flat/Maisonette - Up to 2 storeys,05/01/2017 01:48
Harrow,House - single occupancy,05/01/2017 11:55
Barnet,Purpose Built Flats/Maisonettes - Up to 3 storeys,05/01/2017 14:28
Not geo-coded,House - single occupancy,05/01/2017 20:41
Tower Hamlets,Nurses'/Doctors' accommodation,05/01/2017 03:56
Lewisham,Purpose Built Flats/Maisonettes - Up to 3 storeys,05/01/2017 19:29
Newham,House in Multiple Occupation - Up to 2 storeys (not known if licensed),05/01/2017 16:21
Bromley,Purpose Built Flats/Maisonettes - Up to 3 storeys,05/01/2017 18:55
Lewisham,House - single occupancy,05/01/2017 20:53
Brent,Purpose Built Flats/Maisonettes - Up to 3 storeys,06/01/2017 14:59
Newham,Converted Flat/Maisonette - Up to 2 storeys,06/01/2017 14:46
Southwark,Purpose Built Flats/Maisonettes - 4 to 9 storeys,06/01/2017 13:35
Barnet,House - single occupancy,06/01/2017 09:00
Lewisham,Purpose Built Flats/Maisonettes - Up to 3 storeys,06/01/2017 22:34
Camden,Purpose Built Flats/Maisonettes - 4 to 9 storeys,06/01/2017 21:16
Southwark,Purpose Built Flats/Maisonettes - 4 to 9 storeys,06/01/2017 05:09
Redbridge,Converted Flat/Maisonette - Up to 2 storeys,06/01/2017 01:30
Greenwich,House - single occupancy,06/01/2017 19:34
Hounslow,House - single occupancy,06/01/2017 11:26
City Of london,Hotel/motel,06/01/2017 22:53
Camden,House - single occupancy,06/01/2017 22:39
Barnet,House - single occupancy,06/01/2017 14:25
Kensington And chelsea,Purpose Built Flats/Maisonettes - 4 to 9 storeys,06/01/2017 22:48
Westminster,Purpose Built Flats/Maisonettes - 4 to 9 storeys,06/01/2017 17:01
Lambeth,Purpose Built Flats/Maisonettes - 4 to 9 storeys,07/01/2017 06:42
Southwark,Self contained Sheltered Housing,07/01/2017 11:57
Newham,Self contained Sheltered Housing,07/01/2017 18:02
Wandsworth,House - single occupancy,07/01/2017 02:30
Redbridge,Purpose Built Flats/Maisonettes - 4 to 9 storeys,07/01/2017 14:08
Islington,Purpose Built Flats/Maisonettes - 4 to 9 storeys,07/01/2017 00:46
Kensington And chelsea,Converted Flat/Maisonettes - 3 or more storeys,07/01/2017 18:05
Hounslow,House - single occupancy,07/01/2017 17:52
Wandsworth,Purpose Built Flats/Maisonettes - 4 to 9 storeys,07/01/2017 08:36
Brent,Converted Flat/Maisonettes - 3 or more storeys,07/01/2017 13:46
Enfield,House - single occupancy,07/01/2017 15:27
Camden,Purpose Built Flats/Maisonettes - 4 to 9 storeys,07/01/2017 06:41
Ealing,Self contained Sheltered Housing,07/01/2017 15:37
Lambeth,Converted Flat/Maisonettes - 3 or more storeys,07/01/2017 23:48
Wandsworth,House - single occupancy,07/01/2017 13:38
Brent,Purpose Built Flats/Maisonettes - 10 or more storeys,07/01/2017 22:01
Tower Hamlets,Purpose Built Flats/Maisonettes - 4 to 9 storeys,08/01/2017 16:54
Lewisham,Converted Flat/Maisonettes - 3 or more storeys,08/01/2017 15:10
Westminster,Converted Flat/Maisonette - Up to 2 storeys,08/01/2017 15:32
Newham,Purpose Built Flats/Maisonettes - 4 to 9 storeys,08/01/2017 11:20
Southwark,House - single occupancy,08/01/2017 18:22
Barnet,House - single occupancy,08/01/2017 14:37
Not geo-coded,House - single occupancy,08/01/2017 20:34
Havering,Self contained Sheltered Housing,08/01/2017 19:25
Barnet,Purpose Built Flats/Maisonettes - Up to 3 storeys,08/01/2017 00:26
Brent,Purpose Built Flats/Maisonettes - 4 to 9 storeys,08/01/2017 20:11
Wandsworth,Purpose Built Flats/Maisonettes - Up to 3 storeys,08/01/2017 09:02
Brent,Purpose Built Flats/Maisonettes - Up to 3 storeys,08/01/2017 22:13
Islington,House - single occupancy,08/01/2017 22:22
Brent,Purpose Built Flats/Maisonettes - Up to 3 storeys,08/01/2017 11:49
Islington,Purpose Built Flats/Maisonettes - 4 to 9 storeys,08/01/2017 19:58
Not geo-coded,Purpose Built Flats/Maisonettes - 4 to 9 storeys,08/01/2017 18:29
Redbridge,House - single occupancy,08/01/2017 20:35
Wandsworth,Purpose Built Flats/Maisonettes - 4 to 9 storeys,08/01/2017 18:58
Tower Hamlets,Converted Flat/Maisonette - Up to 2 storeys,08/01/2017 13:24
Barking And dagenham,Purpose Built Flats/Maisonettes - 4 to 9 storeys,08/01/2017 07:25
Hackney,Purpose Built Flats/Maisonettes - 4 to 9 storeys,08/01/2017 13:52
Westminster,Converted Flat/Maisonettes - 3 or more storeys,08/01/2017 18:03
Lambeth,Converted Flat/Maisonettes - 3 or more storeys,08/01/2017 00:28
Enfield,Purpose Built Flats/Maisonettes - Up to 3 storeys,09/01/2017 08:36
Haringey,Purpose Built Flats/Maisonettes - 4 to 9 storeys,09/01/2017 17:20
Lambeth,Purpose Built Flats/Maisonettes - Up to 3 storeys,09/01/2017 09:14
Hillingdon,House - single occupancy,09/01/2017 20:39
Islington,Purpose Built Flats/Maisonettes - 4 to 9 storeys,09/01/2017 20:08
Southwark,Purpose Built Flats/Maisonettes - 4 to 9 storeys,09/01/2017 10:41
Southwark,House - single occupancy,09/01/2017 16:28
Enfield,House - single occupancy,09/01/2017 15:31
Greenwich,House - single occupancy,09/01/2017 20:35
Bexley,House - single occupancy,09/01/2017 19:20
Redbridge,House - single occupancy,09/01/2017 13:49
Hackney,Purpose Built Flats/Maisonettes - Up to 3 storeys,09/01/2017 12:23
Wandsworth,House - single occupancy,09/01/2017 19:46
Enfield,Purpose Built Flats/Maisonettes - Up to 3 storeys,09/01/2017 14:39
Barking And dagenham,House - single occupancy,09/01/2017 16:29
Tower Hamlets,Purpose Built Flats/Maisonettes - 4 to 9 storeys,09/01/2017 13:18
Camden,Self contained Sheltered Housing,09/01/2017 19:32
Lambeth,Purpose Built Flats/Maisonettes - 4 to 9 storeys,09/01/2017 00:00
Southwark,Purpose Built Flats/Maisonettes - 4 to 9 storeys,09/01/2017 04:01
Greenwich,Purpose Built Flats/Maisonettes - 10 or more storeys,10/01/2017 19:05
Barking And dagenham,House - single occupancy,10/01/2017 10:00
Wandsworth,Purpose Built Flats/Maisonettes - 10 or more storeys,10/01/2017 14:31
Redbridge,House - single occupancy,10/01/2017 06:29
Southwark,Purpose Built Flats/Maisonettes - Up to 3 storeys,10/01/2017 03:13
Hammersmith And fulham,Purpose Built Flats/Maisonettes - Up to 3 storeys,10/01/2017 05:41
Croydon,House - single occupancy,10/01/2017 15:01
Ealing,Children's Home,10/01/2017 20:10
Havering,House - single occupancy,10/01/2017 07:12
Greenwich,Self contained Sheltered Housing,10/01/2017 14:44
Kingston Upon thames,Converted Flat/Maisonettes - 3 or more storeys,10/01/2017 22:22
Hackney,Converted Flat/Maisonette - Up to 2 storeys,10/01/2017 18:19
Richmond Upon thames,Purpose Built Flats/Maisonettes - Up to 3 storeys,10/01/2017 00:04
Lambeth,Hostel (e.g. for homeless people),10/01/2017 03:34
Barnet,House - single occupancy,10/01/2017 19:57
Newham,House - single occupancy,11/01/2017 12:10
Southwark,Student Hall of Residence,11/01/2017 18:57
Waltham Forest,Purpose Built Flats/Maisonettes - 4 to 9 storeys,11/01/2017 18:29
Lewisham,Converted Flat/Maisonettes - 3 or more storeys,11/01/2017 09:59
Newham,House - single occupancy,11/01/2017 00:11
Not geo-coded,House - single occupancy,11/01/2017 20:21
Ealing,House - single occupancy,11/01/2017 15:35
Brent,House in Multiple Occupation - Up to 2 storeys (not known if licensed),11/01/2017 11:51
Southwark,Converted Flat/Maisonette - Up to 2 storeys,11/01/2017 15:47
Camden,Purpose Built Flats/Maisonettes - 4 to 9 storeys,11/01/2017 05:22
Greenwich,House - single occupancy,11/01/2017 17:57
Greenwich,Converted Flat/Maisonettes - 3 or more storeys,11/01/2017 12:21
Barnet,House - single occupancy,11/01/2017 20:59
Newham,House - single occupancy,11/01/2017 19:02
Tower Hamlets,Purpose Built Flats/Maisonettes - 4 to 9 storeys,11/01/2017 19:54
Islington,Converted Flat/Maisonettes - 3 or more storeys,11/01/2017 10:32
Newham,Purpose Built Flats/Maisonettes - 10 or more storeys,11/01/2017 21:46
Kensington And chelsea,House - single occupancy,11/01/2017 16:19
Southwark,Purpose Built Flats/Maisonettes - Up to 3 storeys,12/01/2017 18:29
Hackney,Purpose Built Flats/Maisonettes - 4 to 9 storeys,12/01/2017 20:49
Haringey,Retirement/Old Persons Home,12/01/2017 22:40
Hackney,Self contained Sheltered Housing,12/01/2017 17:40
Lambeth,Purpose Built Flats/Maisonettes - Up to 3 storeys,12/01/2017 07:38
Enfield,Unlicensed House in Multiple Occupation - 3 or more storeys,12/01/2017 07:43
Hillingdon,Purpose Built Flats/Maisonettes - Up to 3 storeys,12/01/2017 23:43
Lewisham,Purpose Built Flats/Maisonettes - 4 to 9 storeys,12/01/2017 23:11
Bexley,Licensed House in Multiple Occupation - Up to 2 storeys,12/01/2017 21:04
Kensington And chelsea,Purpose Built Flats/Maisonettes - 4 to 9 storeys,12/01/2017 16:45
Hammersmith And fulham,House - single occupancy,12/01/2017 21:56
Haringey,Purpose Built Flats/Maisonettes - 4 to 9 storeys,13/01/2017 02:24
Lambeth,Purpose Built Flats/Maisonettes - 4 to 9 storeys,13/01/2017 19:32
Kensington And chelsea,Converted Flat/Maisonette - Up to 2 storeys,13/01/2017 12:20
Hammersmith And fulham,Purpose Built Flats/Maisonettes - 10 or more storeys,13/01/2017 16:02
Lambeth,House - single occupancy,13/01/2017 20:12
Waltham Forest,House - single occupancy,13/01/2017 20:55
Havering,Purpose Built Flats/Maisonettes - Up to 3 storeys,13/01/2017 23:44
Bromley,House - single occupancy,13/01/2017 19:49
Barnet,Purpose Built Flats/Maisonettes - 4 to 9 storeys,13/01/2017 18:48
Southwark,Purpose Built Flats/Maisonettes - 4 to 9 storeys,13/01/2017 18:21
Hackney,Hostel (e.g. for homeless people),13/01/2017 02:39
Hounslow,Purpose Built Flats/Maisonettes - Up to 3 storeys,13/01/2017 14:21
Brent,House - single occupancy,14/01/2017 15:11
Kingston Upon thames,House - single occupancy,14/01/2017 18:50
Richmond Upon thames,Purpose Built Flats/Maisonettes - 4 to 9 storeys,14/01/2017 23:11
Harrow,House - single occupancy,14/01/2017 18:36
Haringey,Converted Flat/Maisonette - Up to 2 storeys,14/01/2017 00:58
Greenwich,Purpose Built Flats/Maisonettes - 4 to 9 storeys,14/01/2017 01:01
Redbridge,House - single occupancy,14/01/2017 20:15
Greenwich,Purpose Built Flats/Maisonettes - Up to 3 storeys,14/01/2017 12:33
Croydon,Converted Flat/Maisonettes - 3 or more storeys,14/01/2017 00:47
Lewisham,House - single occupancy,14/01/2017 10:18
Brent,Other Residential Home,14/01/2017 20:16
Greenwich,Purpose Built Flats/Maisonettes - 4 to 9 storeys,14/01/2017 11:13
Tower Hamlets,Purpose Built Flats/Maisonettes - 4 to 9 storeys,14/01/2017 23:46
Lewisham,Purpose Built Flats/Maisonettes - 4 to 9 storeys,14/01/2017 07:31
Redbridge,Converted Flat/Maisonette - Up to 2 storeys,14/01/2017 23:25
Not geo-coded,House - single occupancy,14/01/2017 09:27
Kensington And chelsea,House - single occupancy,14/01/2017 16:04
Bexley,House - single occupancy,14/01/2017 01:12
Tower Hamlets,House - single occupancy,14/01/2017 19:38
Barking And dagenham,Bungalow - single occupancy,14/01/2017 11:29
Wandsworth,Purpose Built Flats/Maisonettes - Up to 3 storeys,14/01/2017 06:32
Tower Hamlets,House - single occupancy,14/01/2017 18:05
Hillingdon,House - single occupancy,14/01/2017 17:14
Bexley,House - single occupancy,15/01/2017 14:02
Brent,House - single occupancy,15/01/2017 04:48
Southwark,Purpose Built Flats/Maisonettes - 4 to 9 storeys,15/01/2017 22:47
Ealing,Purpose Built Flats/Maisonettes - Up to 3 storeys,15/01/2017 06:02
Ealing,Purpose Built Flats/Maisonettes - Up to 3 storeys,15/01/2017 11:32
Hillingdon,Self contained Sheltered Housing,15/01/2017 19:35
Barnet,Purpose Built Flats/Maisonettes - Up to 3 storeys,15/01/2017 19:29
Enfield,House - single occupancy,15/01/2017 17:58
Merton,House - single occupancy,15/01/2017 13:57
Barnet,Purpose Built Flats/Maisonettes - 10 or more storeys,15/01/2017 21:39
Westminster,Converted Flat/Maisonettes - 3 or more storeys,15/01/2017 10:47
Camden,House - single occupancy,15/01/2017 15:18
Barking And dagenham,Purpose Built Flats/Maisonettes - Up to 3 storeys,15/01/2017 12:04
Ealing,Purpose Built Flats/Maisonettes - 4 to 9 storeys,15/01/2017 17:50
Brent,Purpose Built Flats/Maisonettes - Up to 3 storeys,15/01/2017 02:19
Ealing,Self contained Sheltered Housing,15/01/2017 22:04
Brent,Converted Flat/Maisonettes - 3 or more storeys,15/01/2017 18:41
Wandsworth,Purpose Built Flats/Maisonettes - Up to 3 storeys,15/01/2017 18:43
Barnet,Converted Flat/Maisonettes - 3 or more storeys,15/01/2017 15:24
Waltham Forest,Converted Flat/Maisonettes - 3 or more storeys,15/01/2017 18:14
Haringey,Licensed House in Multiple Occupation - Up to 2 storeys,15/01/2017 20:08
Barnet,House - single occupancy,15/01/2017 01:05
Wandsworth,Purpose Built Flats/Maisonettes - 4 to 9 storeys,16/01/2017 22:12
Barking And dagenham,Purpose Built Flats/Maisonettes - Up to 3 storeys,16/01/2017 17:32
Merton,House - single occupancy,16/01/2017 18:04
Hackney,Purpose Built Flats/Maisonettes - Up to 3 storeys,16/01/2017 19:47
Tower Hamlets,House - single occupancy,16/01/2017 22:04
Brent,Purpose Built Flats/Maisonettes - Up to 3 storeys,16/01/2017 22:24
Hounslow,Converted Flat/Maisonette - Up to 2 storeys,16/01/2017 20:25
Tower Hamlets,Purpose Built Flats/Maisonettes - Up to 3 storeys,16/01/2017 17:49
Greenwich,Licensed House in Multiple Occupation - Up to 2 storeys,16/01/2017 09:19
Camden,Purpose Built Flats/Maisonettes - Up to 3 storeys,17/01/2017 10:21
Sutton,House - single occupancy,17/01/2017 23:19
Tower Hamlets,Purpose Built Flats/Maisonettes - Up to 3 storeys,17/01/2017 21:24
Camden,Converted Flat/Maisonette - Up to 2 storeys,17/01/2017 08:35
Hillingdon,House - single occupancy,17/01/2017 15:28
Barnet,Purpose Built Flats/Maisonettes - Up to 3 storeys,17/01/2017 19:48
Hillingdon,Retirement/Old Persons Home,17/01/2017 13:42
Barking And dagenham,House - single occupancy,17/01/2017 21:23
Bromley,House - single occupancy,17/01/2017 13:08
Lewisham,Purpose Built Flats/Maisonettes - Up to 3 storeys,17/01/2017 14:35
Barking And dagenham,House - single occupancy,17/01/2017 22:03
Wandsworth,Purpose Built Flats/Maisonettes - Up to 3 storeys,17/01/2017 15:58
Waltham Forest,House - single occupancy,17/01/2017 10:01
Brent,Purpose Built Flats/Maisonettes - 4 to 9 storeys,17/01/2017 19:13
Hounslow,Purpose Built Flats/Maisonettes - 4 to 9 storeys,17/01/2017 19:29
Bromley,Self contained Sheltered Housing,17/01/2017 05:57
Hillingdon,House - single occupancy,17/01/2017 22:06
Hillingdon,House - single occupancy,17/01/2017 19:01
Haringey,Converted Flat/Maisonette - Up to 2 storeys,17/01/2017 11:05
Redbridge,House - single occupancy,17/01/2017 11:45
Hammersmith And fulham,Hostel (e.g. for homeless people),17/01/2017 05:43
Haringey,House - single occupancy,17/01/2017 23:29
Newham,Purpose Built Flats/Maisonettes - Up to 3 storeys,17/01/2017 14:14
Redbridge,House - single occupancy,17/01/2017 20:18
Lambeth,Purpose Built Flats/Maisonettes - Up to 3 storeys,17/01/2017 15:04
Westminster,Hostel (e.g. for homeless people),18/01/2017 14:42
Hounslow,Purpose Built Flats/Maisonettes - Up to 3 storeys,18/01/2017 07:16
Islington,Purpose Built Flats/Maisonettes - 4 to 9 storeys,18/01/2017 23:11
Ealing,Converted Flat/Maisonettes - 3 or more storeys,18/01/2017 22:47
Bromley,House - single occupancy,18/01/2017 20:44
Harrow,House - single occupancy,18/01/2017 20:41
Newham,Purpose Built Flats/Maisonettes - Up to 3 storeys,18/01/2017 01:33
Greenwich,House - single occupancy,18/01/2017 16:39
Redbridge,House - single occupancy,18/01/2017 06:33
Wandsworth,House - single occupancy,18/01/2017 05:56
Croydon,House - single occupancy,18/01/2017 19:36
Croydon,House - single occupancy,18/01/2017 08:13
Lambeth,Purpose Built Flats/Maisonettes - 4 to 9 storeys,18/01/2017 13:57
Barking And dagenham,House - single occupancy,18/01/2017 20:43
Westminster,Purpose Built Flats/Maisonettes - 4 to 9 storeys,18/01/2017 11:52
Enfield,Purpose Built Flats/Maisonettes - 10 or more storeys,18/01/2017 23:23
Bexley,Purpose Built Flats/Maisonettes - Up to 3 storeys,18/01/2017 16:46
Bromley,House - single occupancy,18/01/2017 03:17
Camden,House - single occupancy,18/01/2017 06:20
Barnet,Retirement/Old Persons Home,19/01/2017 19:10
Hackney,Hotel/motel,19/01/2017 20:00
Croydon,House - single occupancy,19/01/2017 09:29
Brent,Nursing/Care Home/Hospice,19/01/2017 07:33
Enfield,Purpose Built Flats/Maisonettes - 4 to 9 storeys,19/01/2017 16:00
Croydon,House - single occupancy,19/01/2017 13:58
Croydon,House - single occupancy,19/01/2017 17:47
Kensington And chelsea,House - single occupancy,19/01/2017 10:20
Barnet,House - single occupancy,19/01/2017 08:57
Greenwich,House - single occupancy,19/01/2017 14:20
Hounslow,Purpose Built Flats/Maisonettes - Up to 3 storeys,19/01/2017 17:46
Islington,Purpose Built Flats/Maisonettes - 4 to 9 storeys,19/01/2017 10:46
Croydon,House - single occupancy,19/01/2017 20:45
Kensington And chelsea,Purpose Built Flats/Maisonettes - 4 to 9 storeys,19/01/2017 18:58
Newham,Self contained Sheltered Housing,20/01/2017 21:29
Brent,Purpose Built Flats/Maisonettes - Up to 3 storeys,20/01/2017 21:31
Hounslow,House - single occupancy,20/01/2017 22:07
Barking And dagenham,Other Dwelling,20/01/2017 15:23
Kensington And chelsea,Converted Flat/Maisonettes - 3 or more storeys,20/01/2017 04:24
Bromley,Bungalow - single occupancy,20/01/2017 17:39
Islington,Purpose Built Flats/Maisonettes - Up to 3 storeys,20/01/2017 08:15
Southwark,House - single occupancy,20/01/2017 22:30
Wandsworth,House - single occupancy,20/01/2017 14:37
Haringey,House - single occupancy,20/01/2017 19:12
Waltham Forest,House - single occupancy,20/01/2017 09:38
Wandsworth,House - single occupancy,20/01/2017 07:48
Greenwich,Purpose Built Flats/Maisonettes - Up to 3 storeys,20/01/2017 21:40
Kensington And chelsea,Converted Flat/Maisonettes - 3 or more storeys,20/01/2017 03:55
Brent,Purpose Built Flats/Maisonettes - Up to 3 storeys,20/01/2017 14:35
Brent,Self contained Sheltered Housing,20/01/2017 15:05
Croydon,Purpose Built Flats/Maisonettes - Up to 3 storeys,20/01/2017 04:35
Ealing,Converted Flat/Maisonette - Up to 2 storeys,20/01/2017 02:40
Hammersmith And fulham,Converted Flat/Maisonette - Up to 2 storeys,20/01/2017 11:26
Westminster,Military/barracks,20/01/2017 17:25
Ealing,Purpose Built Flats/Maisonettes - 10 or more storeys,21/01/2017 18:55
Enfield,Purpose Built Flats/Maisonettes - 10 or more storeys,21/01/2017 23:57
Not geo-coded,Houseboat (permanent dwelling),21/01/2017 20:43
Haringey,House - single occupancy,21/01/2017 16:25
Tower Hamlets,Purpose Built Flats/Maisonettes - 4 to 9 storeys,21/01/2017 07:22
Greenwich,Purpose Built Flats/Maisonettes - 4 to 9 storeys,21/01/2017 03:00
Hillingdon,House - single occupancy,21/01/2017 10:50
Waltham Forest,House - single occupancy,21/01/2017 05:01
Sutton,House - single occupancy,21/01/2017 22:05
Lambeth,Purpose Built Flats/Maisonettes - Up to 3 storeys,21/01/2017 10:55
Harrow,Converted Flat/Maisonette - Up to 2 storeys,21/01/2017 17:01
Lambeth,Converted Flat/Maisonettes - 3 or more storeys,21/01/2017 13:11
Brent,House - single occupancy,21/01/2017 19:40
Westminster,House - single occupancy,21/01/2017 22:45
Lewisham,Purpose Built Flats/Maisonettes - 10 or more storeys,22/01/2017 13:47
Harrow,House - single occupancy,22/01/2017 17:11
Ealing,House - single occupancy,22/01/2017 09:57
Ealing,Purpose Built Flats/Maisonettes - 4 to 9 storeys,22/01/2017 15:19
Newham,House - single occupancy,22/01/2017 12:39
Barking And dagenham,House - single occupancy,22/01/2017 21:01
Waltham Forest,Purpose Built Flats/Maisonettes - Up to 3 storeys,22/01/2017 15:21
Ealing,Converted Flat/Maisonette - Up to 2 storeys,22/01/2017 19:48
Waltham Forest,House - single occupancy,22/01/2017 16:30
Hackney,Purpose Built Flats/Maisonettes - 4 to 9 storeys,22/01/2017 18:17
Hounslow,House - single occupancy,22/01/2017 00:27
Southwark,Converted Flat/Maisonettes - 3 or more storeys,22/01/2017 15:56
Croydon,House - single occupancy,22/01/2017 00:30
Tower Hamlets,Purpose Built Flats/Maisonettes - 4 to 9 storeys,22/01/2017 19:26
Newham,Converted Flat/Maisonette - Up to 2 storeys,22/01/2017 23:16
Hillingdon,House - single occupancy,22/01/2017 15:29
Barking And dagenham,Purpose Built Flats/Maisonettes - 4 to 9 storeys,22/01/2017 20:01
Waltham Forest,Purpose Built Flats/Maisonettes - Up to 3 storeys,22/01/2017 02:44
Lewisham,Purpose Built Flats/Maisonettes - Up to 3 storeys,22/01/2017 10:51
Enfield,Unlicensed House in Multiple Occupation - Up to 2 storeys,22/01/2017 19:10
Lambeth,House - single occupancy,22/01/2017 16:31
Kensington And chelsea,Converted Flat/Maisonettes - 3 or more storeys,22/01/2017 16:58
Westminster,Purpose Built Flats/Maisonettes - 4 to 9 storeys,22/01/2017 07:42
Newham,House - single occupancy,22/01/2017 00:43
Newham,Purpose Built Flats/Maisonettes - 10 or more storeys,22/01/2017 14:24
Bromley,Purpose Built Flats/Maisonettes - Up to 3 storeys,23/01/2017 14:13
Enfield,House - single occupancy,23/01/2017 18:45
Richmond Upon thames,Purpose Built Flats/Maisonettes - Up to 3 storeys,23/01/2017 22:59
Croydon,House - single occupancy,23/01/2017 19:27
Bromley,Purpose Built Flats/Maisonettes - Up to 3 storeys,23/01/2017 10:35
Harrow,House - single occupancy,23/01/2017 08:28
Hounslow,Converted Flat/Maisonette - Up to 2 storeys,23/01/2017 23:53
Havering,Purpose Built Flats/Maisonettes - 4 to 9 storeys,23/01/2017 17:14
Southwark,House - single occupancy,23/01/2017 03:57
Kensington And chelsea,Purpose Built Flats/Maisonettes - 4 to 9 storeys,23/01/2017 08:24
Hammersmith And fulham,Converted Flat/Maisonettes - 3 or more storeys,23/01/2017 21:17
Waltham Forest,Purpose Built Flats/Maisonettes - Up to 3 storeys,24/01/2017 07:56
Kensington And chelsea,Purpose Built Flats/Maisonettes - 4 to 9 storeys,24/01/2017 10:07
Waltham Forest,Purpose Built Flats/Maisonettes - Up to 3 storeys,24/01/2017 18:52
Kensington And chelsea,House - single occupancy,24/01/2017 07:33
Hillingdon,Student Hall of Residence,24/01/2017 18:24
Tower Hamlets,Purpose Built Flats/Maisonettes - 4 to 9 storeys,24/01/2017 22:13
Waltham Forest,Purpose Built Flats/Maisonettes - Up to 3 storeys,24/01/2017 22:04
Ealing,House - single occupancy,24/01/2017 09:40
Southwark,Nursing/Care Home/Hospice,24/01/2017 02:11
Barnet,House - single occupancy,24/01/2017 19:06
Lewisham,Purpose Built Flats/Maisonettes - 4 to 9 storeys,24/01/2017 08:51
Camden,Student Hall of Residence,24/01/2017 02:03
Camden,Converted Flat/Maisonettes - 3 or more storeys,24/01/2017 20:28
Havering,Hotel/motel,24/01/2017 01:17
Barking And dagenham,Purpose Built Flats/Maisonettes - Up to 3 storeys,24/01/2017 17:43
Southwark,Purpose Built Flats/Maisonettes - 4 to 9 storeys,24/01/2017 11:41
Camden,Purpose Built Flats/Maisonettes - 4 to 9 storeys,24/01/2017 17:54
Lambeth,Converted Flat/Maisonettes - 3 or more storeys,24/01/2017 14:52
Enfield,Purpose Built Flats/Maisonettes - Up to 3 storeys,25/01/2017 11:37
Southwark,Hostel (e.g. for homeless people),25/01/2017 12:13
Barnet,House - single occupancy,25/01/2017 23:15
Ealing,Self contained Sheltered Housing,25/01/2017 23:22
Wandsworth,Converted Flat/Maisonette - Up to 2 storeys,25/01/2017 13:40
Tower Hamlets,Purpose Built Flats/Maisonettes - 10 or more storeys,25/01/2017 18:34
Greenwich,Purpose Built Flats/Maisonettes - Up to 3 storeys,25/01/2017 19:18
Brent,Nursing/Care Home/Hospice,25/01/2017 18:03
Wandsworth,Hostel (e.g. for homeless people),25/01/2017 23:34
Croydon,House - single occupancy,25/01/2017 01:08
Not geo-coded,House - single occupancy,25/01/2017 19:19
Bromley,Self contained Sheltered Housing,25/01/2017 09:21
Kensington And chelsea,House - single occupancy,25/01/2017 19:24
Lewisham,Purpose Built Flats/Maisonettes - Up to 3 storeys,25/01/2017 12:48
Barking And dagenham,Purpose Built Flats/Maisonettes - 4 to 9 storeys,25/01/2017 07:27
Havering,House - single occupancy,25/01/2017 18:22
Greenwich,Converted Flat/Maisonette - Up to 2 storeys,26/01/2017 08:17
Harrow,House - single occupancy,26/01/2017 21:31
Camden,House - single occupancy,26/01/2017 16:46
Lambeth,House - single occupancy,26/01/2017 00:57
Waltham Forest,House - single occupancy,26/01/2017 11:40
Lambeth,House - single occupancy,26/01/2017 20:45
Wandsworth,House - single occupancy,26/01/2017 19:47
Waltham Forest,Converted Flat/Maisonette - Up to 2 storeys,26/01/2017 18:19
Westminster,Purpose Built Flats/Maisonettes - 10 or more storeys,26/01/2017 16:58
Waltham Forest,Converted Flat/Maisonette - Up to 2 storeys,26/01/2017 12:45
Ealing,Converted Flat/Maisonettes - 3 or more storeys,26/01/2017 21:38
Sutton,Nursing/Care Home/Hospice,26/01/2017 02:58
Westminster,Military/barracks,27/01/2017 18:52
Hackney,Purpose Built Flats/Maisonettes - Up to 3 storeys,27/01/2017 21:01
Westminster,Purpose Built Flats/Maisonettes - 4 to 9 storeys,27/01/2017 13:53
Islington,Purpose Built Flats/Maisonettes - 4 to 9 storeys,27/01/2017 07:53
Harrow,Purpose Built Flats/Maisonettes - 4 to 9 storeys,27/01/2017 21:54
Redbridge,House - single occupancy,27/01/2017 17:53
Wandsworth,Purpose Built Flats/Maisonettes - Up to 3 storeys,27/01/2017 01:43
Hackney,Purpose Built Flats/Maisonettes - 10 or more storeys,27/01/2017 21:31
Hammersmith And fulham,Purpose Built Flats/Maisonettes - 4 to 9 storeys,27/01/2017 07:38
Islington,Purpose Built Flats/Maisonettes - Up to 3 storeys,27/01/2017 09:07
Lambeth,House - single occupancy,27/01/2017 22:11
Barnet,House - single occupancy,27/01/2017 23:58
Brent,House in Multiple Occupation - Up to 2 storeys (not known if licensed),28/01/2017 14:36
Camden,Purpose Built Flats/Maisonettes - 4 to 9 storeys,28/01/2017 18:26
Hackney,Purpose Built Flats/Maisonettes - Up to 3 storeys,28/01/2017 01:36
Lambeth,Unlicensed House in Multiple Occupation - Up to 2 storeys,28/01/2017 13:33
Southwark,Purpose Built Flats/Maisonettes - 10 or more storeys,28/01/2017 12:23
Hackney,Purpose Built Flats/Maisonettes - 4 to 9 storeys,28/01/2017 13:53
Greenwich,House - single occupancy,28/01/2017 13:31
Havering,House - single occupancy,28/01/2017 19:47
Hackney,Purpose Built Flats/Maisonettes - 4 to 9 storeys,28/01/2017 19:22
Greenwich,Purpose Built Flats/Maisonettes - 4 to 9 storeys,28/01/2017 20:54
Westminster,Purpose Built Flats/Maisonettes - 4 to 9 storeys,28/01/2017 03:37
Ealing,Unlicensed House in Multiple Occupation - Up to 2 storeys,28/01/2017 20:37
Redbridge,House - single occupancy,28/01/2017 20:48
Southwark,Purpose Built Flats/Maisonettes - 4 to 9 storeys,28/01/2017 19:21
Redbridge,House - single occupancy,28/01/2017 00:04
Southwark,Purpose Built Flats/Maisonettes - 4 to 9 storeys,28/01/2017 17:50
Kingston Upon thames,House - single occupancy,29/01/2017 18:24
Wandsworth,Purpose Built Flats/Maisonettes - 10 or more storeys,29/01/2017 15:47
Bromley,House - single occupancy,29/01/2017 13:27
Kingston Upon thames,Self contained Sheltered Housing,29/01/2017 03:38
Greenwich,House - single occupancy,29/01/2017 12:48
Lambeth,House - single occupancy,29/01/2017 00:18
Kensington And chelsea,Purpose Built Flats/Maisonettes - Up to 3 storeys,29/01/2017 07:54
Westminster,Purpose Built Flats/Maisonettes - Up to 3 storeys,29/01/2017 21:02
Richmond Upon thames,House - single occupancy,29/01/2017 13:53
Lewisham,Self contained Sheltered Housing,29/01/2017 17:11
Lewisham,Self contained Sheltered Housing,29/01/2017 14:09
Kensington And chelsea,Purpose Built Flats/Maisonettes - 4 to 9 storeys,29/01/2017 09:17
Ealing,Purpose Built Flats/Maisonettes - Up to 3 storeys,29/01/2017 02:16
Waltham Forest,House - single occupancy,29/01/2017 11:53
Hounslow,Converted Flat/Maisonette - Up to 2 storeys,29/01/2017 17:21
Barnet,House - single occupancy,29/01/2017 13:50
Newham,Purpose Built Flats/Maisonettes - 4 to 9 storeys,30/01/2017 01:47
Waltham Forest,Purpose Built Flats/Maisonettes - 4 to 9 storeys,30/01/2017 15:04
Merton,Converted Flat/Maisonette - Up to 2 storeys,30/01/2017 19:28
Lewisham,Converted Flat/Maisonette - Up to 2 storeys,30/01/2017 09:13
Sutton,Purpose Built Flats/Maisonettes - Up to 3 storeys,30/01/2017 20:47
Greenwich,Purpose Built Flats/Maisonettes - 4 to 9 storeys,30/01/2017 19:12
Waltham Forest,House - single occupancy,30/01/2017 18:32
Brent,House - single occupancy,30/01/2017 23:55
Ealing,Student Hall of Residence,30/01/2017 11:39
Southwark,Purpose Built Flats/Maisonettes - 4 to 9 storeys,30/01/2017 17:44
Newham,House - single occupancy,30/01/2017 14:30
Ealing,Self contained Sheltered Housing,30/01/2017 17:02
Tower Hamlets,Purpose Built Flats/Maisonettes - Up to 3 storeys,30/01/2017 15:05
Hackney,Converted Flat/Maisonettes - 3 or more storeys,30/01/2017 15:34
Lewisham,Converted Flat/Maisonette - Up to 2 storeys,30/01/2017 05:53
Richmond Upon thames,House - single occupancy,30/01/2017 18:23
Richmond Upon thames,House - single occupancy,31/01/2017 15:26
Havering,House - single occupancy,31/01/2017 19:50
Lewisham,House - single occupancy,31/01/2017 18:53
Harrow,Retirement/Old Persons Home,31/01/2017 08:48
Greenwich,House - single occupancy,31/01/2017 18:59
Ealing,House - single occupancy,31/01/2017 19:02
Ealing,House - single occupancy,31/01/2017 14:07
Southwark,Purpose Built Flats/Maisonettes - 4 to 9 storeys,31/01/2017 22:31
Merton,House - single occupancy,31/01/2017 21:24
Not geo-coded,Purpose Built Flats/Maisonettes - 4 to 9 storeys,31/01/2017 10:08
Tower Hamlets,Purpose Built Flats/Maisonettes - 4 to 9 storeys,31/01/2017 16:01
Sutton,House - single occupancy,31/01/2017 13:19
Harrow,Purpose Built Flats/Maisonettes - Up to 3 storeys,31/01/2017 13:52
Bromley,House - single occupancy,31/01/2017 19:49
Barnet,Self contained Sheltered Housing,31/01/2017 18:47
Waltham Forest,Purpose Built Flats/Maisonettes - Up to 3 storeys,01/02/2017 17:00
Havering,House - single occupancy,01/02/2017 21:30
Bexley,Purpose Built Flats/Maisonettes - 10 or more storeys,01/02/2017 01:58
Hammersmith And fulham,Purpose Built Flats/Maisonettes - Up to 3 storeys,01/02/2017 19:34
Sutton,Purpose Built Flats/Maisonettes - Up to 3 storeys,01/02/2017 15:33
Southwark,House - single occupancy,01/02/2017 10:58
Barnet,Purpose Built Flats/Maisonettes - 4 to 9 storeys,01/02/2017 17:04
Camden,Converted Flat/Maisonettes - 3 or more storeys,01/02/2017 17:05
Richmond Upon thames,House - single occupancy,01/02/2017 14:19
Havering,Purpose Built Flats/Maisonettes - Up to 3 storeys,01/02/2017 14:39
Harrow,Purpose Built Flats/Maisonettes - Up to 3 storeys,01/02/2017 23:50
Southwark,Purpose Built Flats/Maisonettes - 4 to 9 storeys,01/02/2017 15:06
Redbridge,Nursing/Care Home/Hospice,01/02/2017 22:45
Redbridge,House in Multiple Occupation - Up to 2 storeys (not known if licensed),01/02/2017 16:58
Brent,Self contained Sheltered Housing,01/02/2017 19:52
Merton,Purpose Built Flats/Maisonettes - 4 to 9 storeys,02/02/2017 19:52
Merton,Purpose Built Flats/Maisonettes - Up to 3 storeys,02/02/2017 15:46
Hackney,Bungalow - single occupancy,02/02/2017 15:45
Ealing,House - single occupancy,02/02/2017 20:52
Barking And dagenham,Purpose Built Flats/Maisonettes - 4 to 9 storeys,02/02/2017 17:43
Westminster,Converted Flat/Maisonettes - 3 or more storeys,02/02/2017 06:35
Tower Hamlets,Purpose Built Flats/Maisonettes - 4 to 9 storeys,02/02/2017 20:42
Brent,Purpose Built Flats/Maisonettes - 4 to 9 storeys,02/02/2017 18:15
Islington,Converted Flat/Maisonette - Up to 2 storeys,02/02/2017 21:27
Islington,Purpose Built Flats/Maisonettes - 4 to 9 storeys,02/02/2017 11:37
Barnet,House - single occupancy,02/02/2017 19:52
Brent,Purpose Built Flats/Maisonettes - Up to 3 storeys,02/02/2017 17:08
Barnet,House - single occupancy,02/02/2017 06:52
Tower Hamlets,Purpose Built Flats/Maisonettes - 4 to 9 storeys,02/02/2017 16:21
Kingston Upon thames,Other Dwelling,02/02/2017 10:52
Camden,Purpose Built Flats/Maisonettes - Up to 3 storeys,02/02/2017 02:11
Merton,Self contained Sheltered Housing,02/02/2017 05:42
Croydon,House - single occupancy,03/02/2017 23:49
Hammersmith And fulham,Licensed House in Multiple Occupation - 3 or more storeys,03/02/2017 12:11
Redbridge,Purpose Built Flats/Maisonettes - 4 to 9 storeys,03/02/2017 22:57
Newham,Purpose Built Flats/Maisonettes - 4 to 9 storeys,03/02/2017 12:05
Croydon,Purpose Built Flats/Maisonettes - Up to 3 storeys,03/02/2017 00:54
Hackney,Purpose Built Flats/Maisonettes - Up to 3 storeys,03/02/2017 20:04
Hounslow,Children's Home,03/02/2017 15:12
Merton,House - single occupancy,03/02/2017 23:08
Brent,Purpose Built Flats/Maisonettes - Up to 3 storeys,03/02/2017 18:00
Newham,Converted Flat/Maisonette - Up to 2 storeys,03/02/2017 01:26
Croydon,Converted Flat/Maisonettes - 3 or more storeys,03/02/2017 21:39
Greenwich,Purpose Built Flats/Maisonettes - 4 to 9 storeys,03/02/2017 15:47
Islington,Purpose Built Flats/Maisonettes - 4 to 9 storeys,03/02/2017 13:41
Sutton,Purpose Built Flats/Maisonettes - Up to 3 storeys,04/02/2017 22:09
Barking And dagenham,House - single occupancy,04/02/2017 11:49
Brent,Converted Flat/Maisonette - Up to 2 storeys,04/02/2017 15:33
Tower Hamlets,Purpose Built Flats/Maisonettes - 10 or more storeys,04/02/2017 19:10
Enfield,House - single occupancy,04/02/2017 18:57
Enfield,House - single occupancy,04/02/2017 15:02
Lambeth,Purpose Built Flats/Maisonettes - Up to 3 storeys,04/02/2017 17:50
Kingston Upon thames,House - single occupancy,04/02/2017 22:26
Barnet,House in Multiple Occupation - 3 or more storeys (not known if licensed),04/02/2017 22:32
Kensington And chelsea,Converted Flat/Maisonettes - 3 or more storeys,04/02/2017 12:13
Camden,Purpose Built Flats/Maisonettes - Up to 3 storeys,04/02/2017 08:39
Newham,Licensed House in Multiple Occupation - Up to 2 storeys,04/02/2017 18:06
Southwark,Self contained Sheltered Housing,04/02/2017 12:21
Not geo-coded,Purpose Built Flats/Maisonettes - 10 or more storeys,04/02/2017 20:55
Waltham Forest,House - single occupancy,04/02/2017 22:37
Tower Hamlets,Purpose Built Flats/Maisonettes - 4 to 9 storeys,04/02/2017 17:59
Sutton,House - single occupancy,04/02/2017 19:30
Tower Hamlets,Purpose Built Flats/Maisonettes - 4 to 9 storeys,04/02/2017 18:59
Barnet,House - single occupancy,05/02/2017 12:24
Hounslow,House - single occupancy,05/02/2017 17:45
Camden,Purpose Built Flats/Maisonettes - 4 to 9 storeys,05/02/2017 13:53
Hackney,Boarding House/B&B for homeless/asylum seekers,05/02/2017 20:21
Harrow,House - single occupancy,05/02/2017 13:15
Islington,Purpose Built Flats/Maisonettes - Up to 3 storeys,05/02/2017 21:35
Redbridge,House - single occupancy,05/02/2017 02:06
Croydon,Self contained Sheltered Housing,05/02/2017 18:23
Newham,Purpose Built Flats/Maisonettes - Up to 3 storeys,05/02/2017 13:37
Hammersmith And fulham,Converted Flat/Maisonette - Up to 2 storeys,05/02/2017 12:00
Newham,Licensed House in Multiple Occupation - Up to 2 storeys,05/02/2017 00:30
Wandsworth,Purpose Built Flats/Maisonettes - 4 to 9 storeys,05/02/2017 02:40
Lambeth,Purpose Built Flats/Maisonettes - 4 to 9 storeys,05/02/2017 21:38
Barnet,Self contained Sheltered Housing,05/02/2017 08:43
Hillingdon,House - single occupancy,05/02/2017 04:58
Bexley,Nursing/Care Home/Hospice,05/02/2017 16:49
Croydon,House - single occupancy,06/02/2017 19:31
Havering,House - single occupancy,06/02/2017 04:06
Croydon,Purpose Built Flats/Maisonettes - Up to 3 storeys,06/02/2017 16:40
Brent,Hostel (e.g. for homeless people),06/02/2017 19:55
Southwark,Purpose Built Flats/Maisonettes - 4 to 9 storeys,06/02/2017 13:40
Wandsworth,Purpose Built Flats/Maisonettes - 4 to 9 storeys,06/02/2017 13:01
Croydon,Purpose Built Flats/Maisonettes - 4 to 9 storeys,06/02/2017 08:40
Wandsworth,Purpose Built Flats/Maisonettes - 4 to 9 storeys,06/02/2017 21:13
Enfield,Purpose Built Flats/Maisonettes - Up to 3 storeys,06/02/2017 14:18
Southwark,Purpose Built Flats/Maisonettes - 4 to 9 storeys,06/02/2017 10:42
Barnet,House - single occupancy,07/02/2017 18:58
Barnet,Purpose Built Flats/Maisonettes - Up to 3 storeys,07/02/2017 14:44
Greenwich,House - single occupancy,07/02/2017 02:31
Sutton,Purpose Built Flats/Maisonettes - 4 to 9 storeys,07/02/2017 18:22
Hammersmith And fulham,Retirement/Old Persons Home,07/02/2017 23:41
Ealing,Converted Flat/Maisonette - Up to 2 storeys,07/02/2017 18:43
Ealing,House - single occupancy,07/02/2017 12:49
Barnet,House - single occupancy,07/02/2017 03:48
Harrow,Bungalow - single occupancy,07/02/2017 17:20
Brent,Purpose Built Flats/Maisonettes - 4 to 9 storeys,07/02/2017 15:25
Hammersmith And fulham,Purpose Built Flats/Maisonettes - Up to 3 storeys,07/02/2017 07:19
Barnet,Purpose Built Flats/Maisonettes - Up to 3 storeys,07/02/2017 18:01
Harrow,Purpose Built Flats/Maisonettes - Up to 3 storeys,07/02/2017 18:03
Greenwich,House - single occupancy,07/02/2017 05:23
Southwark,Purpose Built Flats/Maisonettes - 4 to 9 storeys,07/02/2017 15:52
Lewisham,House - single occupancy,07/02/2017 15:15
Newham,Purpose Built Flats/Maisonettes - Up to 3 storeys,08/02/2017 16:20
Islington,Self contained Sheltered Housing,08/02/2017 22:39
Lambeth,Purpose Built Flats/Maisonettes - 4 to 9 storeys,08/02/2017 18:10
Wandsworth,Purpose Built Flats/Maisonettes - 10 or more storeys,08/02/2017 21:34
Brent,House - single occupancy,08/02/2017 18:32
Bromley,House - single occupancy,08/02/2017 17:32
Tower Hamlets,Purpose Built Flats/Maisonettes - Up to 3 storeys,08/02/2017 18:26
Lambeth,House - single occupancy,08/02/2017 10:29
Barnet,Nursing/Care Home/Hospice,08/02/2017 08:37
Kingston Upon thames,House - single occupancy,08/02/2017 15:24
Tower Hamlets,Purpose Built Flats/Maisonettes - Up to 3 storeys,08/02/2017 15:58
Tower Hamlets,Retirement/Old Persons Home,08/02/2017 20:57
Haringey,House - single occupancy,08/02/2017 20:06
Hammersmith And fulham,Purpose Built Flats/Maisonettes - 4 to 9 storeys,08/02/2017 18:08
Greenwich,Converted Flat/Maisonette - Up to 2 storeys,08/02/2017 17:58
Newham,Children's Home,08/02/2017 13:28
Westminster,Converted Flat/Maisonettes - 3 or more storeys,08/02/2017 18:25
Westminster,House - single occupancy,08/02/2017 17:41
Camden,Purpose Built Flats/Maisonettes - Up to 3 storeys,09/02/2017 15:10
Bromley,House - single occupancy,09/02/2017 17:00
Redbridge,Converted Flat/Maisonette - Up to 2 storeys,09/02/2017 15:05
Hounslow,Purpose Built Flats/Maisonettes - 4 to 9 storeys,09/02/2017 02:19
Kingston Upon thames,House - single occupancy,09/02/2017 19:16
Tower Hamlets,Purpose Built Flats/Maisonettes - Up to 3 storeys,09/02/2017 12:24
Redbridge,House - single occupancy,09/02/2017 15:08
Camden,Converted Flat/Maisonettes - 3 or more storeys,09/02/2017 20:09
Islington,Student Hall of Residence,09/02/2017 15:42
Lambeth,Purpose Built Flats/Maisonettes - 4 to 9 storeys,09/02/2017 11:37
Islington,Purpose Built Flats/Maisonettes - Up to 3 storeys,09/02/2017 18:23
Greenwich,House - single occupancy,09/02/2017 12:23
Merton,Self contained Sheltered Housing,09/02/2017 18:24
Lambeth,Purpose Built Flats/Maisonettes - 4 to 9 storeys,09/02/2017 21:57
Haringey,House - single occupancy,09/02/2017 21:41
Kensington And chelsea,Purpose Built Flats/Maisonettes - 4 to 9 storeys,09/02/2017 19:59
Barnet,House in Multiple Occupation - Up to 2 storeys (not known if licensed),09/02/2017 12:16
Westminster,House - single occupancy,09/02/2017 18:52
Islington,Purpose Built Flats/Maisonettes - 4 to 9 storeys,09/02/2017 17:09
Brent,Converted Flat/Maisonette - Up to 2 storeys,10/02/2017 15:27
Wandsworth,Unlicensed House in Multiple Occupation - 3 or more storeys,10/02/2017 20:51
Lewisham,House - single occupancy,10/02/2017 11:25
Southwark,Purpose Built Flats/Maisonettes - 4 to 9 storeys,10/02/2017 21:58
Newham,Self contained Sheltered Housing,10/02/2017 22:01
Bexley,Nursing/Care Home/Hospice,10/02/2017 05:55
Bexley,House - single occupancy,10/02/2017 16:05
Barnet,House - single occupancy,10/02/2017 13:12
Hammersmith And fulham,Converted Flat/Maisonettes - 3 or more storeys,10/02/2017 21:02
Southwark,Purpose Built Flats/Maisonettes - Up to 3 storeys,10/02/2017 12:34
Brent,Converted Flat/Maisonette - Up to 2 storeys,10/02/2017 19:47
Croydon,Purpose Built Flats/Maisonettes - Up to 3 storeys,10/02/2017 00:05
Hackney,Self contained Sheltered Housing,10/02/2017 08:22
Hammersmith And fulham,Self contained Sheltered Housing,10/02/2017 19:28
Tower Hamlets,Hostel (e.g. for homeless people),10/02/2017 22:02
Tower Hamlets,Purpose Built Flats/Maisonettes - 4 to 9 storeys,10/02/2017 15:44
Islington,Other Residential Home,10/02/2017 22:49
Westminster,Purpose Built Flats/Maisonettes - 4 to 9 storeys,11/02/2017 17:44
Westminster,Converted Flat/Maisonettes - 3 or more storeys,11/02/2017 08:43
Islington,Purpose Built Flats/Maisonettes - Up to 3 storeys,11/02/2017 06:30
Enfield,Purpose Built Flats/Maisonettes - Up to 3 storeys,11/02/2017 07:15
Lambeth,Self contained Sheltered Housing,11/02/2017 11:23
Bromley,House - single occupancy,11/02/2017 02:19
Tower Hamlets,Purpose Built Flats/Maisonettes - 4 to 9 storeys,11/02/2017 13:12
Wandsworth,House - single occupancy,11/02/2017 13:55
Ealing,Self contained Sheltered Housing,11/02/2017 20:42
Croydon,House - single occupancy,11/02/2017 11:52
Haringey,Licensed House in Multiple Occupation - Up to 2 storeys,11/02/2017 09:52
Lewisham,Purpose Built Flats/Maisonettes - 4 to 9 storeys,11/02/2017 18:27
Southwark,Hotel/motel,11/02/2017 18:13
Hillingdon,Purpose Built Flats/Maisonettes - Up to 3 storeys,11/02/2017 21:33
Lewisham,Purpose Built Flats/Maisonettes - Up to 3 storeys,11/02/2017 19:07
Bromley,Self contained Sheltered Housing,11/02/2017 23:14
Haringey,Converted Flat/Maisonette - Up to 2 storeys,11/02/2017 14:47
Tower Hamlets,Purpose Built Flats/Maisonettes - 4 to 9 storeys,11/02/2017 19:24
Hillingdon,House - single occupancy,11/02/2017 00:46
Hounslow,Purpose Built Flats/Maisonettes - 4 to 9 storeys,12/02/2017 01:00
Bromley,Caravan/Mobile home (permanent dwelling),12/02/2017 01:52
Tower Hamlets,Purpose Built Flats/Maisonettes - Up to 3 storeys,12/02/2017 11:46
Harrow,Converted Flat/Maisonettes - 3 or more storeys,12/02/2017 23:34
Lewisham,Purpose Built Flats/Maisonettes - 4 to 9 storeys,12/02/2017 20:16
Enfield,House - single occupancy,12/02/2017 14:25
Greenwich,House - single occupancy,12/02/2017 15:01
Waltham Forest,Purpose Built Flats/Maisonettes - 4 to 9 storeys,12/02/2017 18:37
Bexley,House - single occupancy,12/02/2017 15:54
Hackney,Converted Flat/Maisonettes - 3 or more storeys,12/02/2017 21:38
Lewisham,Purpose Built Flats/Maisonettes - 4 to 9 storeys,12/02/2017 10:17
Hackney,Converted Flat/Maisonette - Up to 2 storeys,12/02/2017 11:35
Westminster,Purpose Built Flats/Maisonettes - 4 to 9 storeys,12/02/2017 13:43
Hounslow,House - single occupancy,12/02/2017 20:38
Not geo-coded,House - single occupancy,12/02/2017 17:29
Greenwich,House - single occupancy,12/02/2017 19:41
Wandsworth,Converted Flat/Maisonette - Up to 2 storeys,12/02/2017 01:31
Lambeth,Purpose Built Flats/Maisonettes - 4 to 9 storeys,12/02/2017 17:52
Hillingdon,Purpose Built Flats/Maisonettes - Up to 3 storeys,12/02/2017 16:20
Sutton,Retirement/Old Persons Home,12/02/2017 09:01
Redbridge,Converted Flat/Maisonette - Up to 2 storeys,13/02/2017 06:18
Croydon,Nursing/Care Home/Hospice,13/02/2017 12:30
Enfield,Converted Flat/Maisonettes - 3 or more storeys,13/02/2017 23:05
Enfield,Converted Flat/Maisonette - Up to 2 storeys,13/02/2017 22:57
Bromley,House - single occupancy,13/02/2017 17:45
Merton,House - single occupancy,13/02/2017 13:11
Camden,Purpose Built Flats/Maisonettes - Up to 3 storeys,13/02/2017 19:53
Havering,House - single occupancy,13/02/2017 19:40
Lewisham,Purpose Built Flats/Maisonettes - 4 to 9 storeys,13/02/2017 17:01
Newham,Converted Flat/Maisonette - Up to 2 storeys,13/02/2017 20:47
Hillingdon,House - single occupancy,13/02/2017 07:09
Camden,House - single occupancy,13/02/2017 15:08
Newham,House - single occupancy,13/02/2017 22:07
Barnet,Converted Flat/Maisonette - Up to 2 storeys,13/02/2017 05:40
Westminster,Purpose Built Flats/Maisonettes - 4 to 9 storeys,13/02/2017 14:07
Newham,Purpose Built Flats/Maisonettes - Up to 3 storeys,13/02/2017 17:27
Islington,Purpose Built Flats/Maisonettes - 10 or more storeys,14/02/2017 08:52
Lewisham,Self contained Sheltered Housing,14/02/2017 18:12
Barnet,Purpose Built Flats/Maisonettes - Up to 3 storeys,14/02/2017 17:41
Southwark,Purpose Built Flats/Maisonettes - 4 to 9 storeys,14/02/2017 21:37
Tower Hamlets,Purpose Built Flats/Maisonettes - 10 or more storeys,14/02/2017 21:13
Camden,House in Multiple Occupation - 3 or more storeys (not known if licensed),14/02/2017 00:25
Southwark,Converted Flat/Maisonette - Up to 2 storeys,14/02/2017 00:21
Bromley,House - single occupancy,14/02/2017 13:28
Haringey,Purpose Built Flats/Maisonettes - 4 to 9 storeys,14/02/2017 21:57
Greenwich,Purpose Built Flats/Maisonettes - 10 or more storeys,14/02/2017 09:45
Redbridge,House - single occupancy,15/02/2017 15:58
Wandsworth,Converted Flat/Maisonettes - 3 or more storeys,15/02/2017 18:48
Islington,Purpose Built Flats/Maisonettes - 4 to 9 storeys,15/02/2017 21:42
Islington,Converted Flat/Maisonettes - 3 or more storeys,15/02/2017 18:10
Brent,Purpose Built Flats/Maisonettes - 4 to 9 storeys,15/02/2017 09:23
Redbridge,Purpose Built Flats/Maisonettes - Up to 3 storeys,15/02/2017 18:01
Lewisham,Converted Flat/Maisonettes - 3 or more storeys,15/02/2017 17:01
Islington,Purpose Built Flats/Maisonettes - 4 to 9 storeys,15/02/2017 22:30
Greenwich,Purpose Built Flats/Maisonettes - Up to 3 storeys,15/02/2017 14:01
Hounslow,Converted Flat/Maisonette - Up to 2 storeys,15/02/2017 19:43
Bexley,Purpose Built Flats/Maisonettes - 4 to 9 storeys,15/02/2017 18:35
Camden,Purpose Built Flats/Maisonettes - Up to 3 storeys,15/02/2017 18:08
Brent,Converted Flat/Maisonette - Up to 2 storeys,15/02/2017 05:03
Wandsworth,Purpose Built Flats/Maisonettes - 4 to 9 storeys,16/02/2017 17:09
Greenwich,Purpose Built Flats/Maisonettes - 4 to 9 storeys,16/02/2017 17:40
Kingston Upon thames,Self contained Sheltered Housing,16/02/2017 17:35
Ealing,Purpose Built Flats/Maisonettes - Up to 3 storeys,16/02/2017 13:41
Greenwich,Purpose Built Flats/Maisonettes - Up to 3 storeys,16/02/2017 20:43
Merton,Purpose Built Flats/Maisonettes - 4 to 9 storeys,16/02/2017 19:52
Hillingdon,Purpose Built Flats/Maisonettes - 4 to 9 storeys,17/02/2017 17:12
Brent,House - single occupancy,17/02/2017 18:32
Hounslow,House - single occupancy,17/02/2017 15:23
Newham,Purpose Built Flats/Maisonettes - Up to 3 storeys,17/02/2017 23:21
Ealing,Purpose Built Flats/Maisonettes - 4 to 9 storeys,17/02/2017 12:34
Richmond Upon thames,House - single occupancy,17/02/2017 19:42
Ealing,Converted Flat/Maisonette - Up to 2 storeys,17/02/2017 00:54
Ealing,House - single occupancy,17/02/2017 12:40
Lewisham,Purpose Built Flats/Maisonettes - 10 or more storeys,17/02/2017 19:27
Croydon,Purpose Built Flats/Maisonettes - 4 to 9 storeys,17/02/2017 17:33
Hammersmith And fulham,Converted Flat/Maisonettes - 3 or more storeys,17/02/2017 18:03
Camden,Converted Flat/Maisonettes - 3 or more storeys,17/02/2017 17:17
Hounslow,Purpose Built Flats/Maisonettes - Up to 3 storeys,17/02/2017 05:23
Westminster,Purpose Built Flats/Maisonettes - Up to 3 storeys,17/02/2017 18:24
Croydon,Purpose Built Flats/Maisonettes - 4 to 9 storeys,17/02/2017 15:15
Kensington And chelsea,Purpose Built Flats/Maisonettes - 10 or more storeys,17/02/2017 21:30
Lambeth,Purpose Built Flats/Maisonettes - 10 or more storeys,17/02/2017 12:59
Hammersmith And fulham,Purpose Built Flats/Maisonettes - 4 to 9 storeys,17/02/2017 22:19
Richmond Upon thames,Bungalow - single occupancy,17/02/2017 13:25
Havering,House - single occupancy,17/02/2017 13:49
Barking And dagenham,Purpose Built Flats/Maisonettes - 4 to 9 storeys,17/02/2017 19:36
Southwark,House - single occupancy,17/02/2017 14:08
Southwark,Self contained Sheltered Housing,17/02/2017 22:44
Lambeth,Converted Flat/Maisonettes - 3 or more storeys,17/02/2017 20:41
Not geo-coded,Purpose Built Flats/Maisonettes - Up to 3 storeys,18/02/2017 08:58
Tower Hamlets,Purpose Built Flats/Maisonettes - 10 or more storeys,18/02/2017 04:46
Southwark,House - single occupancy,18/02/2017 11:18
Kingston Upon thames,Purpose Built Flats/Maisonettes - 4 to 9 storeys,18/02/2017 19:46
Bexley,House - single occupancy,18/02/2017 18:27
Not geo-coded,House - single occupancy,18/02/2017 01:05
Haringey,House - single occupancy,18/02/2017 15:31
Greenwich,Purpose Built Flats/Maisonettes - Up to 3 storeys,18/02/2017 17:03
Lambeth,Retirement/Old Persons Home,18/02/2017 15:26
Brent,Converted Flat/Maisonette - Up to 2 storeys,18/02/2017 11:13
Hillingdon,House - single occupancy,18/02/2017 16:08
Lewisham,Purpose Built Flats/Maisonettes - Up to 3 storeys,18/02/2017 21:34
Westminster,Converted Flat/Maisonette - Up to 2 storeys,19/02/2017 18:11
Haringey,Converted Flat/Maisonette - Up to 2 storeys,19/02/2017 21:36
Croydon,House - single occupancy,19/02/2017 22:00
Greenwich,Converted Flat/Maisonette - Up to 2 storeys,19/02/2017 13:24
Islington,Purpose Built Flats/Maisonettes - 4 to 9 storeys,19/02/2017 18:35
Hackney,Purpose Built Flats/Maisonettes - 4 to 9 storeys,19/02/2017 13:22
Ealing,Purpose Built Flats/Maisonettes - 4 to 9 storeys,19/02/2017 16:51
Richmond Upon thames,House - single occupancy,19/02/2017 19:10
Lambeth,House - single occupancy,19/02/2017 01:42
Brent,House - single occupancy,19/02/2017 06:12
Haringey,Converted Flat/Maisonettes - 3 or more storeys,19/02/2017 14:37
Camden,House - single occupancy,19/02/2017 12:49
Camden,Purpose Built Flats/Maisonettes - 4 to 9 storeys,19/02/2017 15:36
Barnet,House - single occupancy,19/02/2017 12:52
Enfield,House - single occupancy,19/02/2017 13:04
Ealing,House - single occupancy,19/02/2017 18:56
Southwark,Purpose Built Flats/Maisonettes - 4 to 9 storeys,19/02/2017 12:23
Barnet,House - single occupancy,19/02/2017 16:44
Islington,Purpose Built Flats/Maisonettes - 10 or more storeys,20/02/2017 18:46
Southwark,House - single occupancy,20/02/2017 13:22
Ealing,Purpose Built Flats/Maisonettes - Up to 3 storeys,20/02/2017 15:14
Barnet,House - single occupancy,20/02/2017 21:17
Lambeth,Purpose Built Flats/Maisonettes - Up to 3 storeys,20/02/2017 05:42
Bromley,House - single occupancy,20/02/2017 20:47
Hounslow,Converted Flat/Maisonette - Up to 2 storeys,20/02/2017 17:08
Brent,House - single occupancy,20/02/2017 09:05
Bexley,Purpose Built Flats/Maisonettes - Up to 3 storeys,20/02/2017 22:49
Wandsworth,House - single occupancy,20/02/2017 12:37
Ealing,Licensed House in Multiple Occupation - 3 or more storeys,20/02/2017 15:29
Haringey,House - single occupancy,20/02/2017 13:35
Newham,Purpose Built Flats/Maisonettes - Up to 3 storeys,21/02/2017 21:10
Lewisham,House - single occupancy,21/02/2017 18:14
Haringey,Converted Flat/Maisonette - Up to 2 storeys,21/02/2017 11:20
Redbridge,Purpose Built Flats/Maisonettes - 4 to 9 storeys,21/02/2017 01:25
Haringey,Purpose Built Flats/Maisonettes - Up to 3 storeys,21/02/2017 17:02
Newham,Converted Flat/Maisonettes - 3 or more storeys,21/02/2017 21:39
Enfield,Purpose Built Flats/Maisonettes - Up to 3 storeys,21/02/2017 17:51
Haringey,Purpose Built Flats/Maisonettes - 4 to 9 storeys,21/02/2017 14:24
Islington,Converted Flat/Maisonettes - 3 or more storeys,21/02/2017 01:09
Islington,Converted Flat/Maisonettes - 3 or more storeys,21/02/2017 14:25
Croydon,Purpose Built Flats/Maisonettes - 4 to 9 storeys,21/02/2017 16:35
Bromley,House - single occupancy,21/02/2017 16:56
Kensington And chelsea,Purpose Built Flats/Maisonettes - 4 to 9 storeys,21/02/2017 16:08
Westminster,Purpose Built Flats/Maisonettes - 4 to 9 storeys,21/02/2017 15:58
Southwark,Self contained Sheltered Housing,21/02/2017 02:52
Hillingdon,Nursing/Care Home/Hospice,21/02/2017 00:21
Ealing,House - single occupancy,22/02/2017 08:53
Richmond Upon thames,Purpose Built Flats/Maisonettes - Up to 3 storeys,22/02/2017 11:54
Hillingdon,House - single occupancy,22/02/2017 12:33
Hackney,Converted Flat/Maisonettes - 3 or more storeys,22/02/2017 20:05
Islington,House - single occupancy,22/02/2017 02:20
Newham,Purpose Built Flats/Maisonettes - Up to 3 storeys,22/02/2017 14:34
Ealing,Purpose Built Flats/Maisonettes - Up to 3 storeys,22/02/2017 17:54
Hackney,Retirement/Old Persons Home,22/02/2017 19:39
Bexley,Licensed House in Multiple Occupation - Up to 2 storeys,22/02/2017 10:39
Bromley,House - single occupancy,22/02/2017 11:40
Southwark,Converted Flat/Maisonette - Up to 2 storeys,22/02/2017 20:31
Tower Hamlets,Purpose Built Flats/Maisonettes - Up to 3 storeys,22/02/2017 22:07
Barking And dagenham,Purpose Built Flats/Maisonettes - 10 or more storeys,22/02/2017 20:10
Southwark,House - single occupancy,23/02/2017 15:58
Barnet,Nursing/Care Home/Hospice,23/02/2017 04:40
Islington,House - single occupancy,23/02/2017 16:56
Kensington And chelsea,Purpose Built Flats/Maisonettes - 4 to 9 storeys,23/02/2017 10:27
Lewisham,Purpose Built Flats/Maisonettes - Up to 3 storeys,23/02/2017 18:37
Brent,House - single occupancy,23/02/2017 20:13
Newham,Converted Flat/Maisonette - Up to 2 storeys,23/02/2017 11:51
Not geo-coded,House - single occupancy,23/02/2017 11:55
Harrow,House - single occupancy,23/02/2017 15:15
Camden,Self contained Sheltered Housing,23/02/2017 19:27
Lambeth,Purpose Built Flats/Maisonettes - Up to 3 storeys,23/02/2017 20:09
Richmond Upon thames,House - single occupancy,23/02/2017 11:09
Islington,Converted Flat/Maisonettes - 3 or more storeys,23/02/2017 04:32
Haringey,Purpose Built Flats/Maisonettes - 4 to 9 storeys,23/02/2017 04:23
Camden,Converted Flat/Maisonettes - 3 or more storeys,23/02/2017 19:01
Enfield,House - single occupancy,23/02/2017 14:40
Waltham Forest,Purpose Built Flats/Maisonettes - Up to 3 storeys,23/02/2017 17:59
Lewisham,House - single occupancy,23/02/2017 16:32
Hackney,Purpose Built Flats/Maisonettes - 4 to 9 storeys,23/02/2017 14:15
Greenwich,Licensed House in Multiple Occupation - Up to 2 storeys,24/02/2017 12:54
Tower Hamlets,House - single occupancy,24/02/2017 02:17
Lambeth,Converted Flat/Maisonettes - 3 or more storeys,24/02/2017 22:32
Westminster,House - single occupancy,24/02/2017 19:25
Brent,Purpose Built Flats/Maisonettes - 4 to 9 storeys,24/02/2017 16:06
Lewisham,Purpose Built Flats/Maisonettes - 4 to 9 storeys,24/02/2017 11:45
Barnet,Converted Flat/Maisonette - Up to 2 storeys,24/02/2017 20:09
Haringey,Converted Flat/Maisonettes - 3 or more storeys,24/02/2017 23:59
Lewisham,Purpose Built Flats/Maisonettes - Up to 3 storeys,24/02/2017 20:39
Enfield,House - single occupancy,24/02/2017 02:34
Southwark,Retirement/Old Persons Home,24/02/2017 19:16
Redbridge,House - single occupancy,24/02/2017 18:13
Barnet,House - single occupancy,24/02/2017 19:39
Southwark,House - single occupancy,24/02/2017 17:33
Lambeth,Purpose Built Flats/Maisonettes - Up to 3 storeys,24/02/2017 16:48
Ealing,Converted Flat/Maisonettes - 3 or more storeys,24/02/2017 11:42
Camden,Other Dwelling,24/02/2017 14:35
Bexley,House - single occupancy,24/02/2017 19:43
Waltham Forest,Converted Flat/Maisonettes - 3 or more storeys,24/02/2017 19:37
Lewisham,House - single occupancy,25/02/2017 22:53
Croydon,Purpose Built Flats/Maisonettes - Up to 3 storeys,25/02/2017 01:40
Redbridge,House - single occupancy,25/02/2017 07:40
Havering,House - single occupancy,25/02/2017 05:43
Kensington And chelsea,Purpose Built Flats/Maisonettes - 4 to 9 storeys,25/02/2017 14:00
Southwark,Purpose Built Flats/Maisonettes - 4 to 9 storeys,25/02/2017 08:38
Camden,Purpose Built Flats/Maisonettes - 4 to 9 storeys,25/02/2017 06:18
Brent,Converted Flat/Maisonettes - 3 or more storeys,25/02/2017 17:33
Islington,Purpose Built Flats/Maisonettes - Up to 3 storeys,25/02/2017 16:56
Lambeth,Self contained Sheltered Housing,25/02/2017 15:58
Bexley,House - single occupancy,25/02/2017 03:00
Haringey,Purpose Built Flats/Maisonettes - Up to 3 storeys,25/02/2017 12:57
Newham,Licensed House in Multiple Occupation - 3 or more storeys,25/02/2017 05:36
Waltham Forest,House - single occupancy,25/02/2017 11:18
Merton,House - single occupancy,25/02/2017 17:21
Lambeth,House - single occupancy,25/02/2017 19:04
Brent,Purpose Built Flats/Maisonettes - Up to 3 storeys,25/02/2017 11:41
Islington,Purpose Built Flats/Maisonettes - 4 to 9 storeys,26/02/2017 00:36
Tower Hamlets,Purpose Built Flats/Maisonettes - 4 to 9 storeys,26/02/2017 13:19
Hammersmith And fulham,Purpose Built Flats/Maisonettes - 4 to 9 storeys,26/02/2017 13:34
Tower Hamlets,Purpose Built Flats/Maisonettes - Up to 3 storeys,26/02/2017 07:21
Croydon,House - single occupancy,26/02/2017 02:13
Harrow,House - single occupancy,26/02/2017 18:14
Croydon,Converted Flat/Maisonette - Up to 2 storeys,26/02/2017 13:34
Hillingdon,House - single occupancy,26/02/2017 13:29
Barking And dagenham,House - single occupancy,26/02/2017 13:22
Croydon,House - single occupancy,26/02/2017 03:12
Brent,House - single occupancy,26/02/2017 11:44
Lewisham,Purpose Built Flats/Maisonettes - Up to 3 storeys,26/02/2017 11:31
Croydon,Converted Flat/Maisonettes - 3 or more storeys,26/02/2017 16:50
Enfield,House - single occupancy,26/02/2017 14:37
Barnet,House - single occupancy,26/02/2017 01:25
Kensington And chelsea,Purpose Built Flats/Maisonettes - 10 or more storeys,26/02/2017 15:14
Camden,Purpose Built Flats/Maisonettes - Up to 3 storeys,26/02/2017 08:18
Redbridge,Purpose Built Flats/Maisonettes - 4 to 9 storeys,27/02/2017 10:15
Tower Hamlets,Purpose Built Flats/Maisonettes - 4 to 9 storeys,27/02/2017 12:59
Newham,House - single occupancy,27/02/2017 01:40
Hounslow,House - single occupancy,27/02/2017 11:28
Islington,Purpose Built Flats/Maisonettes - Up to 3 storeys,27/02/2017 18:05
Lambeth,Purpose Built Flats/Maisonettes - 4 to 9 storeys,27/02/2017 13:44
Barnet,Purpose Built Flats/Maisonettes - Up to 3 storeys,27/02/2017 22:09
Newham,Converted Flat/Maisonettes - 3 or more storeys,27/02/2017 09:47
Merton,House - single occupancy,27/02/2017 22:33
Hillingdon,Bungalow - single occupancy,27/02/2017 18:09
Croydon,House - single occupancy,27/02/2017 06:31
Hounslow,Purpose Built Flats/Maisonettes - 4 to 9 storeys,27/02/2017 09:37
Bromley,Converted Flat/Maisonettes - 3 or more storeys,27/02/2017 07:42
Hillingdon,House - single occupancy,27/02/2017 23:01
Brent,House - single occupancy,27/02/2017 16:53
Hounslow,Purpose Built Flats/Maisonettes - Up to 3 storeys,28/02/2017 13:12
Greenwich,House - single occupancy,28/02/2017 20:47
Newham,Purpose Built Flats/Maisonettes - 10 or more storeys,28/02/2017 18:19
Greenwich,Purpose Built Flats/Maisonettes - 10 or more storeys,28/02/2017 09:32
Haringey,Converted Flat/Maisonette - Up to 2 storeys,28/02/2017 01:07
Barnet,House - single occupancy,28/02/2017 22:30
Harrow,House - single occupancy,28/02/2017 19:48
Kensington And chelsea,Purpose Built Flats/Maisonettes - Up to 3 storeys,28/02/2017 12:25
Croydon,Purpose Built Flats/Maisonettes - Up to 3 storeys,28/02/2017 12:37
Hounslow,Purpose Built Flats/Maisonettes - Up to 3 storeys,28/02/2017 23:10
Bromley,Converted Flat/Maisonette - Up to 2 storeys,28/02/2017 23:45
Croydon,Nursing/Care Home/Hospice,28/02/2017 18:08
Haringey,Converted Flat/Maisonette - Up to 2 storeys,01/03/2017 21:49
Ealing,House - single occupancy,01/03/2017 09:33
Croydon,House - single occupancy,01/03/2017 08:20
Barnet,House - single occupancy,01/03/2017 17:35
Haringey,Converted Flat/Maisonette - Up to 2 storeys,01/03/2017 14:43
Southwark,Purpose Built Flats/Maisonettes - 4 to 9 storeys,01/03/2017 05:14
Bromley,Purpose Built Flats/Maisonettes - Up to 3 storeys,01/03/2017 11:41
Brent,Self contained Sheltered Housing,01/03/2017 17:35
Havering,House - single occupancy,01/03/2017 12:38
Kensington And chelsea,House - single occupancy,01/03/2017 18:23
Lewisham,Retirement/Old Persons Home,01/03/2017 17:42
Southwark,Purpose Built Flats/Maisonettes - Up to 3 storeys,01/03/2017 12:11
Harrow,House - single occupancy,01/03/2017 08:42
Hillingdon,House - single occupancy,01/03/2017 20:22
Southwark,Purpose Built Flats/Maisonettes - 4 to 9 storeys,01/03/2017 10:26
Barnet,Purpose Built Flats/Maisonettes - Up to 3 storeys,02/03/2017 21:32
Merton,Purpose Built Flats/Maisonettes - Up to 3 storeys,02/03/2017 17:26
Lambeth,Purpose Built Flats/Maisonettes - 4 to 9 storeys,02/03/2017 21:20
Camden,Student Hall of Residence,02/03/2017 19:35
Hillingdon,House - single occupancy,02/03/2017 09:36
Lewisham,House - single occupancy,02/03/2017 18:16
Hackney,Licensed House in Multiple Occupation - 3 or more storeys,02/03/2017 00:47
Greenwich,Purpose Built Flats/Maisonettes - 4 to 9 storeys,02/03/2017 19:24
Sutton,House - single occupancy,02/03/2017 20:09
Hackney,Purpose Built Flats/Maisonettes - 4 to 9 storeys,02/03/2017 13:31
Havering,Purpose Built Flats/Maisonettes - Up to 3 storeys,03/03/2017 17:44
Newham,Purpose Built Flats/Maisonettes - Up to 3 storeys,03/03/2017 01:09
Hillingdon,House - single occupancy,03/03/2017 19:23
Islington,Purpose Built Flats/Maisonettes - 4 to 9 storeys,03/03/2017 21:11
Hounslow,Purpose Built Flats/Maisonettes - Up to 3 storeys,03/03/2017 04:53
Tower Hamlets,Purpose Built Flats/Maisonettes - Up to 3 storeys,03/03/2017 19:41
Southwark,Purpose Built Flats/Maisonettes - 4 to 9 storeys,03/03/2017 17:26
Croydon,Purpose Built Flats/Maisonettes - 4 to 9 storeys,03/03/2017 18:25
Greenwich,House - single occupancy,03/03/2017 00:45
Wandsworth,Purpose Built Flats/Maisonettes - Up to 3 storeys,03/03/2017 12:20
Havering,Bungalow - single occupancy,03/03/2017 16:15
Enfield,Purpose Built Flats/Maisonettes - 10 or more storeys,03/03/2017 20:06
Croydon,Purpose Built Flats/Maisonettes - Up to 3 storeys,03/03/2017 15:25
Richmond Upon thames,Purpose Built Flats/Maisonettes - Up to 3 storeys,03/03/2017 13:21
Lambeth,Purpose Built Flats/Maisonettes - Up to 3 storeys,04/03/2017 12:20
Ealing,House - single occupancy,04/03/2017 18:06
Waltham Forest,House - single occupancy,04/03/2017 12:45
Lambeth,Purpose Built Flats/Maisonettes - Up to 3 storeys,04/03/2017 15:00
Hounslow,House - single occupancy,04/03/2017 17:15
Hounslow,House - single occupancy,04/03/2017 19:39
Ealing,House - single occupancy,04/03/2017 02:18
Richmond Upon thames,Converted Flat/Maisonette - Up to 2 storeys,04/03/2017 15:26
Wandsworth,House - single occupancy,04/03/2017 17:24
Havering,Purpose Built Flats/Maisonettes - Up to 3 storeys,04/03/2017 23:37
Kensington And chelsea,Purpose Built Flats/Maisonettes - 4 to 9 storeys,04/03/2017 10:06
Lewisham,Purpose Built Flats/Maisonettes - Up to 3 storeys,04/03/2017 18:46
Hounslow,Purpose Built Flats/Maisonettes - Up to 3 storeys,04/03/2017 20:03
Enfield,Purpose Built Flats/Maisonettes - 10 or more storeys,04/03/2017 11:27
Waltham Forest,Converted Flat/Maisonette - Up to 2 storeys,04/03/2017 13:12
Hammersmith And fulham,Hotel/motel,04/03/2017 22:44
Barnet,Purpose Built Flats/Maisonettes - Up to 3 storeys,04/03/2017 19:29
Greenwich,House - single occupancy,05/03/2017 07:16
Croydon,Converted Flat/Maisonette - Up to 2 storeys,05/03/2017 11:28
Westminster,Converted Flat/Maisonettes - 3 or more storeys,05/03/2017 10:11
Hackney,Purpose Built Flats/Maisonettes - Up to 3 storeys,05/03/2017 13:47
Bromley,Purpose Built Flats/Maisonettes - Up to 3 storeys,05/03/2017 19:07
Merton,House - single occupancy,05/03/2017 19:31
Harrow,House - single occupancy,05/03/2017 12:36
Merton,Purpose Built Flats/Maisonettes - 4 to 9 storeys,05/03/2017 22:04
Camden,Purpose Built Flats/Maisonettes - Up to 3 storeys,05/03/2017 00:15
Barking And dagenham,House - single occupancy,05/03/2017 15:02
Hackney,Purpose Built Flats/Maisonettes - 4 to 9 storeys,05/03/2017 20:21
Brent,Purpose Built Flats/Maisonettes - Up to 3 storeys,05/03/2017 18:28
Brent,Purpose Built Flats/Maisonettes - Up to 3 storeys,05/03/2017 19:33
Lewisham,Purpose Built Flats/Maisonettes - Up to 3 storeys,05/03/2017 18:58
Newham,House - single occupancy,05/03/2017 19:42
Lewisham,Purpose Built Flats/Maisonettes - Up to 3 storeys,05/03/2017 08:20
Brent,Purpose Built Flats/Maisonettes - 10 or more storeys,05/03/2017 04:10
Merton,House - single occupancy,05/03/2017 16:31
Lambeth,Purpose Built Flats/Maisonettes - Up to 3 storeys,05/03/2017 13:50
Lambeth,Purpose Built Flats/Maisonettes - 4 to 9 storeys,05/03/2017 15:14
Camden,Licensed House in Multiple Occupation - 3 or more storeys,05/03/2017 18:38
Kensington And chelsea,Purpose Built Flats/Maisonettes - Up to 3 storeys,05/03/2017 12:06
Barnet,Purpose Built Flats/Maisonettes - Up to 3 storeys,05/03/2017 15:05
Newham,Purpose Built Flats/Maisonettes - 10 or more storeys,05/03/2017 14:05
Islington,Purpose Built Flats/Maisonettes - 4 to 9 storeys,06/03/2017 23:26
Lambeth,Purpose Built Flats/Maisonettes - Up to 3 storeys,06/03/2017 17:17
Hounslow,Licensed House in Multiple Occupation - Up to 2 storeys,06/03/2017 03:54
Hackney,Purpose Built Flats/Maisonettes - Up to 3 storeys,06/03/2017 11:08
Brent,Purpose Built Flats/Maisonettes - Up to 3 storeys,06/03/2017 19:59
Merton,Converted Flat/Maisonette - Up to 2 storeys,06/03/2017 12:33
Camden,Unlicensed House in Multiple Occupation - 3 or more storeys,06/03/2017 00:19
Croydon,Purpose Built Flats/Maisonettes - Up to 3 storeys,06/03/2017 19:09
Camden,Converted Flat/Maisonette - Up to 2 storeys,06/03/2017 21:41
Lambeth,Purpose Built Flats/Maisonettes - 4 to 9 storeys,06/03/2017 17:50
Richmond Upon thames,Converted Flat/Maisonettes - 3 or more storeys,06/03/2017 03:06
Barking And dagenham,House - single occupancy,06/03/2017 20:33
Waltham Forest,House - single occupancy,06/03/2017 10:35
Enfield,Purpose Built Flats/Maisonettes - 4 to 9 storeys,06/03/2017 13:04
Tower Hamlets,Purpose Built Flats/Maisonettes - 4 to 9 storeys,06/03/2017 20:36
Hammersmith And fulham,House - single occupancy,06/03/2017 00:18
Southwark,Purpose Built Flats/Maisonettes - 4 to 9 storeys,06/03/2017 05:18
Ealing,Hotel/motel,07/03/2017 17:30
Brent,Purpose Built Flats/Maisonettes - Up to 3 storeys,07/03/2017 00:06
Sutton,House - single occupancy,07/03/2017 09:16
Kingston Upon thames,House - single occupancy,07/03/2017 09:24
Hackney,Purpose Built Flats/Maisonettes - 4 to 9 storeys,07/03/2017 21:16
Newham,Purpose Built Flats/Maisonettes - Up to 3 storeys,07/03/2017 17:40
Havering,Purpose Built Flats/Maisonettes - Up to 3 storeys,07/03/2017 15:48
Hammersmith And fulham,Converted Flat/Maisonettes - 3 or more storeys,07/03/2017 21:36
Greenwich,Purpose Built Flats/Maisonettes - Up to 3 storeys,07/03/2017 02:59
Barnet,House in Multiple Occupation - 3 or more storeys (not known if licensed),07/03/2017 22:24
Lewisham,Purpose Built Flats/Maisonettes - 4 to 9 storeys,07/03/2017 11:42
Tower Hamlets,Self contained Sheltered Housing,07/03/2017 02:01
Islington,Purpose Built Flats/Maisonettes - 4 to 9 storeys,07/03/2017 15:08
Bromley,Purpose Built Flats/Maisonettes - Up to 3 storeys,07/03/2017 23:33
Brent,Purpose Built Flats/Maisonettes - 10 or more storeys,07/03/2017 15:55
Westminster,Hotel/motel,07/03/2017 23:43
Hackney,Converted Flat/Maisonettes - 3 or more storeys,08/03/2017 19:53
Bexley,Purpose Built Flats/Maisonettes - 4 to 9 storeys,08/03/2017 19:14
Islington,House - single occupancy,08/03/2017 22:31
Barking And dagenham,Purpose Built Flats/Maisonettes - 10 or more storeys,08/03/2017 01:30
Barnet,House - single occupancy,08/03/2017 08:27
Hammersmith And fulham,Hotel/motel,08/03/2017 19:45
Brent,House - single occupancy,08/03/2017 04:21
Ealing,House - single occupancy,08/03/2017 16:04
Islington,Licensed House in Multiple Occupation - 3 or more storeys,08/03/2017 06:06
Southwark,Purpose Built Flats/Maisonettes - Up to 3 storeys,08/03/2017 14:04
Hackney,Purpose Built Flats/Maisonettes - Up to 3 storeys,08/03/2017 18:34
Hackney,House - single occupancy,09/03/2017 20:01
Southwark,Converted Flat/Maisonettes - 3 or more storeys,09/03/2017 01:54
Merton,Purpose Built Flats/Maisonettes - Up to 3 storeys,09/03/2017 10:08
Richmond Upon thames,House - single occupancy,09/03/2017 19:19
Hammersmith And fulham,House - single occupancy,09/03/2017 18:27
Bexley,Purpose Built Flats/Maisonettes - Up to 3 storeys,09/03/2017 21:52
Wandsworth,Purpose Built Flats/Maisonettes - Up to 3 storeys,09/03/2017 22:32
Ealing,Purpose Built Flats/Maisonettes - 4 to 9 storeys,09/03/2017 23:54
Ealing,Self contained Sheltered Housing,09/03/2017 21:02
Lewisham,House - single occupancy,09/03/2017 09:05
Hounslow,Unlicensed House in Multiple Occupation - Up to 2 storeys,09/03/2017 20:32
Hounslow,Purpose Built Flats/Maisonettes - 4 to 9 storeys,09/03/2017 00:27
Ealing,House - single occupancy,09/03/2017 11:28
Wandsworth,Converted Flat/Maisonette - Up to 2 storeys,09/03/2017 14:07
Lewisham,Purpose Built Flats/Maisonettes - 4 to 9 storeys,09/03/2017 12:12
Hackney,Purpose Built Flats/Maisonettes - 10 or more storeys,09/03/2017 15:36
Lewisham,Converted Flat/Maisonettes - 3 or more storeys,10/03/2017 23:07
Wandsworth,House - single occupancy,10/03/2017 20:22
Greenwich,House - single occupancy,10/03/2017 12:56
Hounslow,Converted Flat/Maisonettes - 3 or more storeys,10/03/2017 01:30
Lambeth,Purpose Built Flats/Maisonettes - 4 to 9 storeys,10/03/2017 23:14
Brent,Purpose Built Flats/Maisonettes - 4 to 9 storeys,10/03/2017 14:24
Southwark,House - single occupancy,10/03/2017 19:28
Richmond Upon thames,Purpose Built Flats/Maisonettes - Up to 3 storeys,10/03/2017 22:34
Hillingdon,House - single occupancy,10/03/2017 08:20
Hackney,Boarding House/B&B for homeless/asylum seekers,10/03/2017 20:53
Southwark,Self contained Sheltered Housing,10/03/2017 07:50
Bromley,House - single occupancy,10/03/2017 17:34
Ealing,Purpose Built Flats/Maisonettes - Up to 3 storeys,10/03/2017 19:26
Bromley,House - single occupancy,10/03/2017 20:41
Kingston Upon thames,Converted Flat/Maisonettes - 3 or more storeys,11/03/2017 21:17
Ealing,Purpose Built Flats/Maisonettes - Up to 3 storeys,11/03/2017 11:20
Sutton,Nursing/Care Home/Hospice,11/03/2017 23:26
Haringey,Purpose Built Flats/Maisonettes - Up to 3 storeys,11/03/2017 16:18
Camden,Purpose Built Flats/Maisonettes - 4 to 9 storeys,11/03/2017 18:54
Sutton,House - single occupancy,11/03/2017 16:54
Bexley,Self contained Sheltered Housing,12/03/2017 17:18
Southwark,Purpose Built Flats/Maisonettes - 10 or more storeys,12/03/2017 13:17
Westminster,Self contained Sheltered Housing,12/03/2017 20:25
Haringey,Converted Flat/Maisonettes - 3 or more storeys,12/03/2017 13:20
Southwark,Purpose Built Flats/Maisonettes - Up to 3 storeys,12/03/2017 22:38
Barking And dagenham,Hotel/motel,12/03/2017 10:23
Newham,House - single occupancy,12/03/2017 17:19
Brent,Purpose Built Flats/Maisonettes - 4 to 9 storeys,12/03/2017 04:11
Waltham Forest,Purpose Built Flats/Maisonettes - Up to 3 storeys,12/03/2017 13:15
Wandsworth,Purpose Built Flats/Maisonettes - 4 to 9 storeys,12/03/2017 23:42
Islington,Purpose Built Flats/Maisonettes - 4 to 9 storeys,12/03/2017 13:29
Wandsworth,House - single occupancy,12/03/2017 11:01
Croydon,Purpose Built Flats/Maisonettes - Up to 3 storeys,12/03/2017 16:12
Greenwich,House - single occupancy,13/03/2017 17:18
Croydon,House - single occupancy,13/03/2017 03:12
Wandsworth,Converted Flat/Maisonettes - 3 or more storeys,13/03/2017 11:38
Hackney,House - single occupancy,13/03/2017 18:58
Westminster,Purpose Built Flats/Maisonettes - 4 to 9 storeys,13/03/2017 21:41
Brent,Converted Flat/Maisonettes - 3 or more storeys,13/03/2017 07:14
Islington,Purpose Built Flats/Maisonettes - 4 to 9 storeys,13/03/2017 11:16
Brent,Converted Flat/Maisonette - Up to 2 storeys,13/03/2017 19:29
Southwark,Purpose Built Flats/Maisonettes - 4 to 9 storeys,13/03/2017 19:36
Sutton,Purpose Built Flats/Maisonettes - Up to 3 storeys,13/03/2017 18:17
Camden,Purpose Built Flats/Maisonettes - Up to 3 storeys,13/03/2017 10:33
Hounslow,House - single occupancy,14/03/2017 14:52
Lambeth,Purpose Built Flats/Maisonettes - Up to 3 storeys,14/03/2017 17:23
Westminster,Purpose Built Flats/Maisonettes - 4 to 9 storeys,14/03/2017 10:47
Hillingdon,House - single occupancy,14/03/2017 00:12
Newham,House - single occupancy,14/03/2017 19:16
Barnet,Converted Flat/Maisonette - Up to 2 storeys,14/03/2017 16:46
Tower Hamlets,Purpose Built Flats/Maisonettes - Up to 3 storeys,14/03/2017 16:37
Newham,House - single occupancy,14/03/2017 19:05
Hackney,Converted Flat/Maisonette - Up to 2 storeys,14/03/2017 17:00
Havering,House - single occupancy,14/03/2017 23:24
Barnet,Self contained Sheltered Housing,14/03/2017 19:08
Enfield,Converted Flat/Maisonette - Up to 2 storeys,14/03/2017 20:16
Islington,House - single occupancy,14/03/2017 11:33
Richmond Upon thames,House - single occupancy,14/03/2017 18:35
Hammersmith And fulham,Purpose Built Flats/Maisonettes - 4 to 9 storeys,14/03/2017 11:42
Waltham Forest,House - single occupancy,14/03/2017 00:49
Haringey,House - single occupancy,15/03/2017 16:34
Wandsworth,Purpose Built Flats/Maisonettes - 4 to 9 storeys,15/03/2017 11:52
Lambeth,Purpose Built Flats/Maisonettes - Up to 3 storeys,15/03/2017 21:13
Kensington And chelsea,House - single occupancy,15/03/2017 15:27
Islington,Purpose Built Flats/Maisonettes - Up to 3 storeys,15/03/2017 10:36
Newham,House - single occupancy,15/03/2017 08:21
Lambeth,Purpose Built Flats/Maisonettes - 10 or more storeys,15/03/2017 02:56
Newham,Nursing/Care Home/Hospice,15/03/2017 06:54
Richmond Upon thames,Purpose Built Flats/Maisonettes - 4 to 9 storeys,15/03/2017 13:56
Croydon,Converted Flat/Maisonette - Up to 2 storeys,15/03/2017 05:59
Wandsworth,Hostel (e.g. for homeless people),15/03/2017 18:13
Hillingdon,House - single occupancy,16/03/2017 16:06
Croydon,Purpose Built Flats/Maisonettes - Up to 3 storeys,16/03/2017 02:55
Hammersmith And fulham,Purpose Built Flats/Maisonettes - 4 to 9 storeys,16/03/2017 18:41
Bromley,Purpose Built Flats/Maisonettes - 4 to 9 storeys,16/03/2017 18:37
Hammersmith And fulham,Self contained Sheltered Housing,16/03/2017 04:01
Wandsworth,Self contained Sheltered Housing,16/03/2017 01:45
Barnet,Purpose Built Flats/Maisonettes - Up to 3 storeys,16/03/2017 23:33
Not geo-coded,House - single occupancy,16/03/2017 06:32
Croydon,House - single occupancy,16/03/2017 00:35
Sutton,Purpose Built Flats/Maisonettes - Up to 3 storeys,16/03/2017 12:24
Barking And dagenham,House - single occupancy,16/03/2017 17:34
Havering,House - single occupancy,16/03/2017 01:28
Camden,House - single occupancy,16/03/2017 09:15
Kingston Upon thames,Purpose Built Flats/Maisonettes - Up to 3 storeys,16/03/2017 13:03
Bromley,House - single occupancy,17/03/2017 13:29
Brent,Converted Flat/Maisonettes - 3 or more storeys,17/03/2017 20:02
Tower Hamlets,Purpose Built Flats/Maisonettes - 4 to 9 storeys,17/03/2017 02:43
Lambeth,Converted Flat/Maisonettes - 3 or more storeys,17/03/2017 19:11
Barnet,Purpose Built Flats/Maisonettes - Up to 3 storeys,17/03/2017 15:34
Redbridge,Converted Flat/Maisonettes - 3 or more storeys,17/03/2017 17:18
Kensington And chelsea,House - single occupancy,17/03/2017 15:27
Lewisham,Purpose Built Flats/Maisonettes - Up to 3 storeys,17/03/2017 19:24
Lambeth,Purpose Built Flats/Maisonettes - 4 to 9 storeys,17/03/2017 22:13
Southwark,Purpose Built Flats/Maisonettes - 4 to 9 storeys,17/03/2017 01:49
Brent,Unlicensed House in Multiple Occupation - Up to 2 storeys,17/03/2017 10:40
Hillingdon,Purpose Built Flats/Maisonettes - Up to 3 storeys,17/03/2017 17:58
Hillingdon,Purpose Built Flats/Maisonettes - Up to 3 storeys,17/03/2017 19:35
Lambeth,House - single occupancy,17/03/2017 09:26
Hillingdon,Student Hall of Residence,17/03/2017 11:35
Wandsworth,Purpose Built Flats/Maisonettes - Up to 3 storeys,17/03/2017 09:31
Tower Hamlets,Purpose Built Flats/Maisonettes - 4 to 9 storeys,17/03/2017 20:47
Islington,Purpose Built Flats/Maisonettes - 4 to 9 storeys,17/03/2017 21:15
Tower Hamlets,Purpose Built Flats/Maisonettes - 4 to 9 storeys,17/03/2017 19:31
Lewisham,Hostel (e.g. for homeless people),17/03/2017 20:44
Islington,Purpose Built Flats/Maisonettes - 4 to 9 storeys,17/03/2017 00:59
Sutton,House - single occupancy,17/03/2017 17:51
Greenwich,House - single occupancy,17/03/2017 23:24
Bexley,Purpose Built Flats/Maisonettes - 4 to 9 storeys,17/03/2017 13:20
Harrow,House - single occupancy,18/03/2017 21:26
Barnet,Purpose Built Flats/Maisonettes - Up to 3 storeys,18/03/2017 23:42
Southwark,Purpose Built Flats/Maisonettes - 4 to 9 storeys,18/03/2017 19:44
Hammersmith And fulham,Converted Flat/Maisonettes - 3 or more storeys,18/03/2017 03:42
Sutton,House - single occupancy,18/03/2017 16:52
Hounslow,Purpose Built Flats/Maisonettes - 4 to 9 storeys,18/03/2017 18:41
Enfield,Nursing/Care Home/Hospice,18/03/2017 12:04
Hammersmith And fulham,Converted Flat/Maisonettes - 3 or more storeys,18/03/2017 00:33
Lewisham,Purpose Built Flats/Maisonettes - 10 or more storeys,18/03/2017 10:52
Hammersmith And fulham,Purpose Built Flats/Maisonettes - 4 to 9 storeys,18/03/2017 18:48
Tower Hamlets,Purpose Built Flats/Maisonettes - 4 to 9 storeys,18/03/2017 01:46
Bexley,House - single occupancy,18/03/2017 15:15
Wandsworth,House - single occupancy,18/03/2017 18:50
Harrow,House - single occupancy,18/03/2017 14:34
Westminster,Self contained Sheltered Housing,18/03/2017 15:08
Newham,House - single occupancy,18/03/2017 22:54
Waltham Forest,House - single occupancy,18/03/2017 17:06
Wandsworth,Purpose Built Flats/Maisonettes - Up to 3 storeys,19/03/2017 16:46
Croydon,Nursing/Care Home/Hospice,19/03/2017 08:14
Waltham Forest,Purpose Built Flats/Maisonettes - Up to 3 storeys,19/03/2017 18:06
Islington,Converted Flat/Maisonettes - 3 or more storeys,19/03/2017 23:01
Lambeth,Purpose Built Flats/Maisonettes - 10 or more storeys,19/03/2017 00:26
Westminster,Other Dwelling,19/03/2017 20:22
Greenwich,Self contained Sheltered Housing,19/03/2017 13:12
Greenwich,Purpose Built Flats/Maisonettes - Up to 3 storeys,19/03/2017 21:35
Ealing,House - single occupancy,19/03/2017 13:12
Lewisham,House - single occupancy,19/03/2017 21:29
Harrow,House - single occupancy,19/03/2017 20:58
Westminster,Converted Flat/Maisonettes - 3 or more storeys,19/03/2017 10:28
Tower Hamlets,Purpose Built Flats/Maisonettes - Up to 3 storeys,19/03/2017 15:26
Croydon,House - single occupancy,19/03/2017 17:28
Haringey,Converted Flat/Maisonettes - 3 or more storeys,19/03/2017 10:43
Southwark,Purpose Built Flats/Maisonettes - 4 to 9 storeys,19/03/2017 10:36
Tower Hamlets,Purpose Built Flats/Maisonettes - 4 to 9 storeys,19/03/2017 04:33
Camden,Purpose Built Flats/Maisonettes - Up to 3 storeys,19/03/2017 15:03
Lewisham,Converted Flat/Maisonette - Up to 2 storeys,20/03/2017 21:53
Hackney,Purpose Built Flats/Maisonettes - Up to 3 storeys,20/03/2017 10:54
Not geo-coded,House - single occupancy,20/03/2017 18:44
Sutton,House - single occupancy,20/03/2017 18:08
Redbridge,House - single occupancy,20/03/2017 20:48
Richmond Upon thames,Self contained Sheltered Housing,20/03/2017 18:34
Tower Hamlets,Purpose Built Flats/Maisonettes - Up to 3 storeys,20/03/2017 15:50
Hillingdon,House - single occupancy,20/03/2017 12:34
Ealing,Purpose Built Flats/Maisonettes - Up to 3 storeys,20/03/2017 17:41
Hackney,Converted Flat/Maisonettes - 3 or more storeys,20/03/2017 10:17
Islington,Purpose Built Flats/Maisonettes - Up to 3 storeys,20/03/2017 12:55
Merton,Licensed House in Multiple Occupation - 3 or more storeys,20/03/2017 11:25
Camden,Purpose Built Flats/Maisonettes - 4 to 9 storeys,20/03/2017 07:07
Croydon,House - single occupancy,21/03/2017 07:18
Wandsworth,House - single occupancy,21/03/2017 11:11
Lambeth,Self contained Sheltered Housing,21/03/2017 16:46
Brent,Self contained Sheltered Housing,21/03/2017 12:55
Islington,Purpose Built Flats/Maisonettes - Up to 3 storeys,21/03/2017 18:19
Redbridge,House - single occupancy,21/03/2017 10:10
Southwark,Purpose Built Flats/Maisonettes - 4 to 9 storeys,21/03/2017 04:35
City Of london,Purpose Built Flats/Maisonettes - 4 to 9 storeys,21/03/2017 17:33
Ealing,Converted Flat/Maisonettes - 3 or more storeys,21/03/2017 11:56
Haringey,Unlicensed House in Multiple Occupation - 3 or more storeys,21/03/2017 17:28
Ealing,Purpose Built Flats/Maisonettes - Up to 3 storeys,21/03/2017 19:28
Croydon,House - single occupancy,21/03/2017 18:42
Brent,Purpose Built Flats/Maisonettes - 4 to 9 storeys,21/03/2017 02:26
Hammersmith And fulham,Converted Flat/Maisonettes - 3 or more storeys,21/03/2017 21:20
Enfield,House - single occupancy,22/03/2017 22:43
Islington,Self contained Sheltered Housing,22/03/2017 20:31
Croydon,Purpose Built Flats/Maisonettes - Up to 3 storeys,22/03/2017 14:52
Hammersmith And fulham,House - single occupancy,22/03/2017 20:28
Waltham Forest,Self contained Sheltered Housing,22/03/2017 12:17
Islington,Purpose Built Flats/Maisonettes - 4 to 9 storeys,22/03/2017 02:17
Lambeth,Purpose Built Flats/Maisonettes - 4 to 9 storeys,22/03/2017 03:07
Bromley,House - single occupancy,22/03/2017 12:59
Harrow,Licensed House in Multiple Occupation - Up to 2 storeys,22/03/2017 21:49
Croydon,Purpose Built Flats/Maisonettes - 4 to 9 storeys,22/03/2017 18:22
Camden,House - single occupancy,22/03/2017 09:58
Barking And dagenham,Purpose Built Flats/Maisonettes - Up to 3 storeys,22/03/2017 14:42
Brent,House - single occupancy,22/03/2017 18:31
Hackney,Self contained Sheltered Housing,22/03/2017 17:55
Newham,Purpose Built Flats/Maisonettes - 10 or more storeys,22/03/2017 21:58
Tower Hamlets,Converted Flat/Maisonettes - 3 or more storeys,22/03/2017 21:09
Wandsworth,Purpose Built Flats/Maisonettes - Up to 3 storeys,23/03/2017 20:42
Enfield,Purpose Built Flats/Maisonettes - Up to 3 storeys,23/03/2017 16:12
Brent,Purpose Built Flats/Maisonettes - Up to 3 storeys,23/03/2017 09:53
Harrow,House - single occupancy,23/03/2017 13:21
Greenwich,Converted Flat/Maisonettes - 3 or more storeys,23/03/2017 16:46
Kensington And chelsea,Purpose Built Flats/Maisonettes - 4 to 9 storeys,23/03/2017 02:32
Southwark,Purpose Built Flats/Maisonettes - Up to 3 storeys,23/03/2017 17:43
Hounslow,House - single occupancy,23/03/2017 19:54
Barnet,House - single occupancy,23/03/2017 11:09
Barnet,House - single occupancy,23/03/2017 06:33
Bromley,Purpose Built Flats/Maisonettes - Up to 3 storeys,23/03/2017 08:37
Croydon,Purpose Built Flats/Maisonettes - 4 to 9 storeys,23/03/2017 18:29
Ealing,Purpose Built Flats/Maisonettes - Up to 3 storeys,23/03/2017 13:00
Brent,Purpose Built Flats/Maisonettes - Up to 3 storeys,23/03/2017 18:15
Hackney,Purpose Built Flats/Maisonettes - Up to 3 storeys,23/03/2017 13:31
Bromley,Purpose Built Flats/Maisonettes - Up to 3 storeys,23/03/2017 19:01
Lambeth,Purpose Built Flats/Maisonettes - 4 to 9 storeys,24/03/2017 12:11
Lewisham,Purpose Built Flats/Maisonettes - Up to 3 storeys,24/03/2017 16:00
Waltham Forest,House - single occupancy,24/03/2017 21:45
Merton,Purpose Built Flats/Maisonettes - Up to 3 storeys,24/03/2017 17:07
Merton,Purpose Built Flats/Maisonettes - Up to 3 storeys,24/03/2017 18:26
Barnet,House - single occupancy,24/03/2017 17:47
Barnet,House in Multiple Occupation - Up to 2 storeys (not known if licensed),24/03/2017 19:28
Harrow,House - single occupancy,24/03/2017 19:32
Haringey,House - single occupancy,24/03/2017 17:28
Barking And dagenham,Purpose Built Flats/Maisonettes - Up to 3 storeys,24/03/2017 18:10
Enfield,House - single occupancy,24/03/2017 19:40
Haringey,House - single occupancy,24/03/2017 13:39
Brent,Purpose Built Flats/Maisonettes - 4 to 9 storeys,24/03/2017 13:34
Westminster,Hotel/motel,24/03/2017 15:53
Camden,Converted Flat/Maisonettes - 3 or more storeys,24/03/2017 03:21
Greenwich,House - single occupancy,24/03/2017 10:36
Hackney,Purpose Built Flats/Maisonettes - 4 to 9 storeys,24/03/2017 00:51
Ealing,House - single occupancy,24/03/2017 14:10
Redbridge,Purpose Built Flats/Maisonettes - Up to 3 storeys,24/03/2017 14:07
Haringey,Self contained Sheltered Housing,24/03/2017 17:42
Camden,Purpose Built Flats/Maisonettes - 4 to 9 storeys,24/03/2017 09:25
Haringey,Self contained Sheltered Housing,24/03/2017 11:09
Bexley,Hotel/motel,25/03/2017 23:21
Kingston Upon thames,House - single occupancy,25/03/2017 18:27
Camden,Purpose Built Flats/Maisonettes - 4 to 9 storeys,25/03/2017 15:57
Lewisham,Licensed House in Multiple Occupation - Up to 2 storeys,25/03/2017 20:09
Barnet,Purpose Built Flats/Maisonettes - Up to 3 storeys,25/03/2017 16:29
Brent,Converted Flat/Maisonettes - 3 or more storeys,25/03/2017 16:47
Redbridge,Purpose Built Flats/Maisonettes - 4 to 9 storeys,25/03/2017 03:36
Waltham Forest,House - single occupancy,25/03/2017 16:59
Harrow,House - single occupancy,25/03/2017 15:26
Ealing,Converted Flat/Maisonette - Up to 2 storeys,25/03/2017 17:45
Enfield,Converted Flat/Maisonette - Up to 2 storeys,25/03/2017 18:43
Islington,Converted Flat/Maisonettes - 3 or more storeys,25/03/2017 18:05
Tower Hamlets,Purpose Built Flats/Maisonettes - 4 to 9 storeys,25/03/2017 12:44
Lewisham,House - single occupancy,25/03/2017 19:57
Greenwich,Purpose Built Flats/Maisonettes - Up to 3 storeys,25/03/2017 07:13
Harrow,Converted Flat/Maisonette - Up to 2 storeys,25/03/2017 14:35
Sutton,Self contained Sheltered Housing,26/03/2017 17:37
Islington,Hostel (e.g. for homeless people),26/03/2017 23:36
Hackney,Converted Flat/Maisonette - Up to 2 storeys,26/03/2017 17:15
Sutton,Purpose Built Flats/Maisonettes - Up to 3 storeys,26/03/2017 09:45
Southwark,Converted Flat/Maisonette - Up to 2 storeys,26/03/2017 11:33
Southwark,House in Multiple Occupation - Up to 2 storeys (not known if licensed),26/03/2017 21:43
Wandsworth,House - single occupancy,26/03/2017 10:23
Havering,Licensed House in Multiple Occupation - Up to 2 storeys,26/03/2017 17:55
Hounslow,Self contained Sheltered Housing,26/03/2017 11:51
Harrow,Retirement/Old Persons Home,26/03/2017 09:13
Tower Hamlets,Purpose Built Flats/Maisonettes - 4 to 9 storeys,26/03/2017 20:22
Hounslow,Purpose Built Flats/Maisonettes - 10 or more storeys,26/03/2017 22:55
Greenwich,House - single occupancy,26/03/2017 07:16
Ealing,Purpose Built Flats/Maisonettes - 4 to 9 storeys,26/03/2017 18:28
Ealing,House - single occupancy,26/03/2017 12:34
Hounslow,Purpose Built Flats/Maisonettes - Up to 3 storeys,26/03/2017 14:29
Kensington And chelsea,Purpose Built Flats/Maisonettes - 10 or more storeys,26/03/2017 08:13
Wandsworth,Purpose Built Flats/Maisonettes - 10 or more storeys,26/03/2017 14:26
Lambeth,Purpose Built Flats/Maisonettes - Up to 3 storeys,26/03/2017 00:58
Redbridge,House - single occupancy,27/03/2017 14:22
Sutton,Purpose Built Flats/Maisonettes - Up to 3 storeys,27/03/2017 22:43
Barking And dagenham,Purpose Built Flats/Maisonettes - 4 to 9 storeys,27/03/2017 16:56
Lambeth,Converted Flat/Maisonette - Up to 2 storeys,27/03/2017 22:20
Wandsworth,Nursing/Care Home/Hospice,27/03/2017 11:08
Not geo-coded,House - single occupancy,27/03/2017 15:30
Camden,House - single occupancy,27/03/2017 19:32
Southwark,Purpose Built Flats/Maisonettes - Up to 3 storeys,27/03/2017 09:47
Ealing,House - single occupancy,27/03/2017 13:18
Lewisham,Converted Flat/Maisonette - Up to 2 storeys,27/03/2017 17:00
Croydon,House - single occupancy,27/03/2017 02:48
Barnet,House - single occupancy,27/03/2017 19:51
Barnet,House - single occupancy,27/03/2017 14:41
Ealing,Purpose Built Flats/Maisonettes - 4 to 9 storeys,27/03/2017 09:54
Harrow,House - single occupancy,27/03/2017 00:09
Southwark,Purpose Built Flats/Maisonettes - Up to 3 storeys,27/03/2017 15:09
Westminster,Hotel/motel,27/03/2017 11:17
Westminster,Converted Flat/Maisonettes - 3 or more storeys,27/03/2017 19:12
Brent,Purpose Built Flats/Maisonettes - 10 or more storeys,28/03/2017 12:58
Harrow,House - single occupancy,28/03/2017 21:16
Barnet,Purpose Built Flats/Maisonettes - Up to 3 storeys,28/03/2017 10:35
Westminster,Purpose Built Flats/Maisonettes - 4 to 9 storeys,28/03/2017 21:51
Hillingdon,House - single occupancy,28/03/2017 16:46
Enfield,Purpose Built Flats/Maisonettes - Up to 3 storeys,28/03/2017 12:56
Lambeth,Converted Flat/Maisonettes - 3 or more storeys,28/03/2017 21:33
Lambeth,Purpose Built Flats/Maisonettes - 4 to 9 storeys,28/03/2017 11:14
Haringey,Converted Flat/Maisonette - Up to 2 storeys,28/03/2017 19:00
Hounslow,Bungalow - single occupancy,28/03/2017 21:09
Barnet,Purpose Built Flats/Maisonettes - 4 to 9 storeys,28/03/2017 19:20
Croydon,Purpose Built Flats/Maisonettes - Up to 3 storeys,28/03/2017 13:56
Greenwich,House - single occupancy,28/03/2017 09:14
Newham,House - single occupancy,28/03/2017 14:44
Barking And dagenham,Self contained Sheltered Housing,28/03/2017 12:13
Tower Hamlets,Nursing/Care Home/Hospice,28/03/2017 11:39
Hillingdon,Purpose Built Flats/Maisonettes - Up to 3 storeys,29/03/2017 12:37
Hammersmith And fulham,House - single occupancy,29/03/2017 22:12
Enfield,House - single occupancy,29/03/2017 20:34
Waltham Forest,House - single occupancy,29/03/2017 12:34
Camden,Converted Flat/Maisonettes - 3 or more storeys,29/03/2017 23:58
Hammersmith And fulham,Converted Flat/Maisonette - Up to 2 storeys,29/03/2017 20:50
Islington,Purpose Built Flats/Maisonettes - 4 to 9 storeys,29/03/2017 15:08
Camden,Purpose Built Flats/Maisonettes - 4 to 9 storeys,29/03/2017 19:48
Southwark,Purpose Built Flats/Maisonettes - 4 to 9 storeys,29/03/2017 11:26
Wandsworth,House - single occupancy,29/03/2017 22:58
Brent,Purpose Built Flats/Maisonettes - 4 to 9 storeys,29/03/2017 19:25
Camden,House - single occupancy,29/03/2017 07:33
Brent,Purpose Built Flats/Maisonettes - 4 to 9 storeys,29/03/2017 22:16
Sutton,Purpose Built Flats/Maisonettes - Up to 3 storeys,29/03/2017 03:22
Not geo-coded,Bungalow - single occupancy,29/03/2017 13:33
Richmond Upon thames,Purpose Built Flats/Maisonettes - Up to 3 storeys,30/03/2017 19:32
Barnet,House - single occupancy,30/03/2017 21:07
Ealing,Retirement/Old Persons Home,30/03/2017 20:31
Sutton,House - single occupancy,30/03/2017 16:05
Croydon,House - single occupancy,30/03/2017 07:36
Bromley,Converted Flat/Maisonette - Up to 2 storeys,30/03/2017 17:23
Hillingdon,Purpose Built Flats/Maisonettes - Up to 3 storeys,30/03/2017 20:11
Newham,House in Multiple Occupation - 3 or more storeys (not known if licensed),30/03/2017 23:01
Wandsworth,House - single occupancy,30/03/2017 11:25
Barking And dagenham,House - single occupancy,30/03/2017 20:43
Camden,Purpose Built Flats/Maisonettes - 4 to 9 storeys,30/03/2017 19:20
Richmond Upon thames,Purpose Built Flats/Maisonettes - 4 to 9 storeys,31/03/2017 17:53
Richmond Upon thames,Purpose Built Flats/Maisonettes - Up to 3 storeys,31/03/2017 21:50
Wandsworth,Purpose Built Flats/Maisonettes - Up to 3 storeys,31/03/2017 01:08
Barnet,Purpose Built Flats/Maisonettes - Up to 3 storeys,31/03/2017 22:24
Tower Hamlets,Purpose Built Flats/Maisonettes - 4 to 9 storeys,31/03/2017 12:26
Westminster,Purpose Built Flats/Maisonettes - 4 to 9 storeys,31/03/2017 10:57
Sutton,House - single occupancy,31/03/2017 14:58
Hillingdon,House - single occupancy,31/03/2017 22:41
Richmond Upon thames,Purpose Built Flats/Maisonettes - Up to 3 storeys,31/03/2017 17:01
Hounslow,Converted Flat/Maisonette - Up to 2 storeys,31/03/2017 11:14
Bexley,Self contained Sheltered Housing,31/03/2017 15:18
